customer_id,gender,age,tenure,contract_type,internet_service,phone_service,monthly_charges,total_charges,payment_method,paperless_billing,customer_support_calls,number_of_services,has_streaming,has_online_security,churn,avg_spend_per_month,churn_prediction,churn_probability
2,Female,26,56,Yearly,Fiber,Yes,21.59,5655.89,Card,Yes,2,1,No,No,No,100.99803571428572,False,0.07265330356949776
5,Male,30,9,Monthly,Fiber,Yes,86.67,6005.41,Card,Yes,4,4,No,No,Yes,667.2677777777777,True,0.8236838498651047
9,Male,30,9,2-Year,Fiber,Yes,22.38,2581.88,UPI,No,5,5,Yes,Yes,No,286.8755555555556,False,0.13548746945374954
10,Female,63,40,Monthly,DSL,Yes,54.86,7667.97,Bank Transfer,Yes,4,1,No,Yes,No,191.69925,True,0.5214050611493797
11,Male,52,25,Yearly,DSL,Yes,107.5,364.05,Bank Transfer,Yes,4,1,Yes,Yes,No,14.562000000000001,False,0.1796070126608564
12,Male,23,5,Monthly,Fiber,Yes,15.19,4680.36,Bank Transfer,Yes,9,4,Yes,Yes,Yes,936.0719999999999,False,0.4289775098788412
13,Male,35,11,Monthly,DSL,Yes,115.76,1415.38,UPI,Yes,1,5,No,Yes,Yes,128.6709090909091,True,0.854645500277316
15,Female,22,38,Yearly,DSL,Yes,79.45,1489.53,Card,Yes,7,1,Yes,Yes,No,39.198157894736845,False,0.12522903743142558
17,Female,42,48,Monthly,DSL,Yes,37.37,4005.53,Card,No,0,3,No,No,Yes,83.44854166666667,True,0.5781671900792925
18,Female,19,18,Yearly,Fiber,Yes,113.63,7327.2,Card,Yes,1,1,No,Yes,No,407.06666666666666,False,0.4188438192170363
19,Female,27,70,Monthly,DSL,Yes,42.81,1772.54,Card,Yes,4,4,No,No,Yes,25.322,False,0.4767386961266834
20,Male,47,37,Monthly,DSL,Yes,95.31,1239.5,UPI,Yes,8,3,No,No,No,33.5,True,0.6264131117273198
21,Female,67,60,2-Year,DSL,Yes,53.24,6095.92,UPI,Yes,9,5,No,Yes,No,101.59866666666667,False,0.08725468332701491
22,Male,62,48,Monthly,Fiber,No,25.32,4054.89,Bank Transfer,Yes,6,2,No,Yes,No,84.47687499999999,False,0.2696479780718619
23,Female,22,28,Yearly,DSL,Yes,11.18,7303.1,Bank Transfer,Yes,9,1,Yes,No,No,260.825,False,0.06167460106836693
24,Female,50,69,Yearly,Fiber,Yes,69.87,1258.26,Bank Transfer,Yes,4,3,Yes,Yes,No,18.235652173913042,False,0.0817275652102345
26,Female,35,45,Monthly,DSL,Yes,50.6,1939.75,UPI,No,5,1,Yes,Yes,Yes,43.105555555555554,False,0.47063920354570093
27,Female,49,62,2-Year,Fiber,Yes,49.29,1338.41,UPI,Yes,7,5,No,No,No,21.58725806451613,False,0.13746222280497009
28,Female,64,58,Monthly,Fiber,Yes,47.85,5499.09,UPI,Yes,6,5,Yes,Yes,No,94.81189655172415,False,0.41282293621445965
29,Female,66,67,Yearly,DSL,Yes,67.26,4790.11,Card,Yes,1,4,No,Yes,No,71.49417910447761,False,0.08489710803074675
31,Male,38,40,Monthly,Fiber,Yes,106.79,2544.75,Bank Transfer,Yes,3,4,No,No,Yes,63.61875,True,0.7861159416499398
32,Male,43,40,Monthly,DSL,No,65.61,3638.98,Card,No,8,3,Yes,No,No,90.9745,True,0.5285591579611413
34,Female,39,6,2-Year,Fiber,No,25.22,7874.31,Bank Transfer,No,0,5,Yes,Yes,No,1312.385,False,0.3881632834320983
35,Female,44,19,Monthly,Fiber,Yes,118.1,2408.77,Bank Transfer,Yes,5,4,Yes,No,Yes,126.77736842105263,True,0.8955780104834498
38,Male,50,59,Monthly,DSL,Yes,82.95,4560.29,Card,Yes,4,2,Yes,Yes,Yes,77.29305084745762,False,0.4963315763877852
39,Male,51,48,Monthly,DSL,Yes,75.49,2093.35,Card,Yes,5,3,Yes,No,Yes,43.61145833333333,True,0.5690111545421183
40,Male,58,41,Yearly,Fiber,No,55.67,7330.79,Bank Transfer,No,8,5,Yes,Yes,No,178.799756097561,False,0.056640228119300015
44,Female,65,42,Monthly,Fiber,Yes,100.23,5286.85,Card,Yes,3,1,Yes,Yes,Yes,125.87738095238096,True,0.7312398892211909
47,Female,34,38,Monthly,Fiber,Yes,60.38,7749.78,UPI,Yes,4,2,No,Yes,No,203.9415789473684,True,0.6114323519929588
48,Male,22,60,Yearly,DSL,Yes,38.23,3677.78,Card,Yes,3,1,Yes,Yes,No,61.29633333333334,False,0.04269649283471266
49,Female,48,7,Monthly,DSL,Yes,92.73,7571.15,Card,Yes,1,3,Yes,No,Yes,1081.5928571428572,True,0.9140467680648953
50,Female,22,5,Yearly,Fiber,No,66.42,5446.88,Card,Yes,5,5,Yes,No,Yes,1089.376,False,0.38004458304617844
52,Female,20,58,Monthly,Fiber,Yes,75.57,1587.59,Card,Yes,0,1,No,Yes,Yes,27.372241379310342,True,0.6679418549472181
53,Male,40,31,Yearly,DSL,Yes,119.53,2499.51,Bank Transfer,Yes,6,5,No,Yes,No,80.62935483870969,False,0.19328011205102555
54,Female,54,23,Monthly,DSL,Yes,57.88,834.84,Bank Transfer,Yes,5,1,No,Yes,No,36.297391304347826,True,0.5669700428647124
55,Male,54,42,Monthly,Fiber,Yes,111.28,1236.56,Bank Transfer,Yes,2,1,Yes,Yes,No,29.44190476190476,True,0.7205671200509791
56,Female,27,10,2-Year,Fiber,Yes,47.95,926.82,UPI,Yes,0,4,No,Yes,Yes,92.682,False,0.35126648144529815
57,Female,27,32,Monthly,DSL,Yes,16.02,3441.25,Card,Yes,3,4,No,Yes,Yes,107.5390625,False,0.44782873236595444
58,Male,36,53,Yearly,Fiber,No,32.47,6385.07,Card,Yes,8,4,Yes,Yes,No,120.47301886792452,False,0.03574523368115288
59,Male,34,30,Monthly,DSL,Yes,56.06,1216.93,Card,No,1,2,Yes,Yes,Yes,40.56433333333334,True,0.5435696516347154
60,Male,38,39,Yearly,Fiber,Yes,34.16,1129.53,UPI,Yes,2,4,Yes,No,No,28.962307692307693,False,0.08329235385190577
61,Male,31,31,Monthly,Fiber,No,10.02,5183.09,UPI,Yes,1,1,No,Yes,No,167.19645161290322,False,0.4049198704079813
62,Male,26,2,Monthly,Fiber,Yes,110.65,1657.75,UPI,Yes,1,3,No,Yes,Yes,828.875,True,0.8824321787674532
63,Male,63,12,2-Year,DSL,Yes,102.83,871.12,UPI,Yes,9,4,Yes,No,Yes,72.59333333333333,False,0.336803962280776
64,Male,18,39,Yearly,Fiber,Yes,91.65,1418.1,Bank Transfer,No,7,4,No,No,No,36.36153846153846,False,0.1420411376745444
65,Male,68,66,Monthly,DSL,Yes,28.46,7397.48,UPI,Yes,2,3,Yes,No,Yes,112.0830303030303,False,0.34035778097092906
66,Female,62,13,Monthly,DSL,Yes,23.24,6589.62,UPI,Yes,6,1,No,No,No,506.89384615384614,True,0.5336802081146982
67,Female,30,46,2-Year,Fiber,No,17.44,2897.11,UPI,Yes,7,2,Yes,No,No,62.98065217391304,False,0.13605661485540166
68,Male,21,27,Monthly,Fiber,Yes,89.64,5280.98,Card,Yes,2,4,No,No,Yes,195.59185185185183,True,0.8017819026740344
69,Female,18,17,Yearly,DSL,Yes,112.17,4344.48,Card,No,1,3,No,Yes,Yes,255.5576470588235,False,0.3777224544633246
70,Female,66,60,Yearly,DSL,Yes,57.36,5449.28,Card,Yes,7,1,No,No,No,90.82133333333333,False,0.06131044648631247
72,Female,49,35,Monthly,DSL,Yes,66.36,5067.0,Bank Transfer,Yes,6,2,Yes,No,No,144.77142857142857,True,0.6716027473714145
76,Female,25,63,2-Year,Fiber,No,89.06,7138.69,Card,Yes,2,4,No,No,No,113.31253968253968,False,0.42424935176137396
77,Female,56,28,Monthly,Fiber,Yes,22.17,4599.03,Bank Transfer,Yes,6,5,Yes,No,Yes,164.2510714285714,True,0.5206502568489297
78,Female,43,60,Yearly,DSL,Yes,13.91,6675.89,Bank Transfer,Yes,5,2,Yes,Yes,No,111.26483333333334,False,0.033364415441941485
80,Female,20,22,Monthly,Fiber,Yes,35.6,1392.57,UPI,Yes,2,1,No,No,Yes,63.29863636363636,True,0.6756062255604901
81,Male,67,68,Monthly,Fiber,Yes,15.92,5565.04,Bank Transfer,Yes,2,5,Yes,Yes,Yes,81.83882352941177,False,0.23523345948267416
82,Female,29,20,Monthly,Fiber,Yes,30.89,5426.92,UPI,Yes,3,3,Yes,Yes,Yes,271.346,True,0.6042095026647792
83,Male,18,68,Monthly,Fiber,Yes,14.29,7841.65,Bank Transfer,Yes,2,3,No,No,No,115.31838235294117,False,0.34464655329263333
84,Female,61,64,Monthly,Fiber,Yes,53.1,7886.25,Bank Transfer,No,8,3,No,No,No,123.22265625,False,0.40552357221058044
89,Female,65,10,Monthly,DSL,Yes,65.98,6267.52,Card,Yes,4,2,Yes,Yes,Yes,626.7520000000001,True,0.7126450112617982
91,Female,40,22,Monthly,Fiber,Yes,105.26,3124.38,Card,Yes,5,4,Yes,No,Yes,142.01727272727274,True,0.8615346836868865
93,Female,54,14,Monthly,DSL,Yes,95.59,3498.13,UPI,Yes,6,5,No,No,Yes,249.86642857142857,True,0.8248434261344214
94,Female,38,64,Monthly,Fiber,Yes,60.68,3558.34,UPI,Yes,9,4,No,Yes,No,55.5990625,False,0.3838892246007964
98,Female,68,52,Yearly,Fiber,Yes,93.0,7531.93,Card,Yes,6,4,No,Yes,No,144.8448076923077,False,0.11398912034358367
99,Female,56,7,Monthly,Fiber,Yes,37.35,1480.77,Bank Transfer,Yes,4,3,Yes,Yes,No,211.53857142857143,True,0.6098518784306086
100,Male,55,29,2-Year,DSL,Yes,69.22,7010.47,UPI,Yes,4,4,Yes,No,No,241.74034482758623,False,0.2704740904010765
101,Male,51,11,Monthly,Fiber,Yes,119.13,5925.71,Card,Yes,1,3,Yes,Yes,Yes,538.7009090909091,True,0.8677976095632824
102,Female,55,33,Monthly,Fiber,Yes,104.33,2097.42,UPI,Yes,6,1,Yes,No,Yes,63.55818181818182,True,0.7913231764328235
104,Female,51,32,Monthly,Fiber,Yes,87.7,2217.18,UPI,Yes,0,2,Yes,Yes,Yes,69.286875,True,0.7828609834005222
107,Female,32,26,2-Year,Fiber,No,54.38,5796.33,UPI,Yes,2,4,Yes,Yes,No,222.93576923076924,False,0.34741423571766633
108,Female,44,46,Monthly,DSL,Yes,35.82,2131.5,Bank Transfer,Yes,6,4,No,No,Yes,46.33695652173913,False,0.4756104922308571
109,Female,68,29,Monthly,DSL,Yes,100.08,5783.17,Card,Yes,9,3,No,Yes,No,199.4196551724138,True,0.6439747516473567
110,Male,51,4,Monthly,Fiber,Yes,47.11,322.16,UPI,Yes,3,2,No,No,Yes,80.54,True,0.6335411620727929
111,Female,69,13,Monthly,DSL,No,101.03,3065.04,Card,Yes,7,3,Yes,Yes,Yes,235.7723076923077,True,0.7851606263292744
114,Female,41,29,Yearly,Fiber,Yes,36.53,6601.73,Bank Transfer,Yes,4,4,No,No,No,227.6458620689655,False,0.12355127774139771
115,Male,32,29,Monthly,DSL,No,35.69,1956.75,UPI,Yes,3,3,Yes,Yes,Yes,67.47413793103448,False,0.4963444580608614
116,Female,47,32,Yearly,DSL,Yes,17.5,5253.02,Bank Transfer,Yes,9,5,No,Yes,No,164.156875,False,0.03782036786767265
118,Female,68,47,2-Year,Fiber,Yes,71.11,4808.74,Card,Yes,9,2,Yes,Yes,No,102.31361702127658,False,0.13651030693693353
119,Female,34,22,Monthly,DSL,Yes,42.05,948.86,UPI,Yes,3,5,No,Yes,No,43.13,True,0.5950296647218731
120,Male,22,27,Yearly,Fiber,Yes,55.91,233.61,Card,Yes,7,3,Yes,Yes,No,8.652222222222223,False,0.07111894641569859
121,Female,46,67,Monthly,DSL,Yes,51.46,7285.56,UPI,Yes,2,4,Yes,Yes,No,108.73970149253732,False,0.4927844413232684
124,Male,34,47,Monthly,Fiber,Yes,64.23,7994.87,Bank Transfer,Yes,5,4,No,No,No,170.1036170212766,True,0.5721504894016222
126,Female,34,6,Monthly,DSL,Yes,21.75,2194.85,UPI,Yes,7,5,No,No,Yes,365.80833333333334,True,0.5869354300457442
128,Male,41,57,2-Year,Fiber,Yes,16.62,7727.04,UPI,Yes,7,1,Yes,No,No,135.5621052631579,False,0.06341420092634485
129,Female,22,69,Yearly,Fiber,Yes,42.74,7334.93,Card,Yes,7,3,No,Yes,No,106.30333333333334,False,0.04335465838466086
130,Female,51,3,Monthly,Fiber,Yes,42.79,4072.72,Card,Yes,2,4,No,No,Yes,1357.5733333333333,True,0.79636684336782
131,Female,23,1,Yearly,DSL,Yes,45.24,6381.37,UPI,No,3,4,No,No,No,6381.37,True,0.5511808662280896
132,Male,19,58,Monthly,DSL,Yes,28.07,1172.39,Bank Transfer,No,3,4,No,No,No,20.213620689655173,False,0.3682310481312761
133,Male,30,38,Monthly,DSL,Yes,96.15,7821.76,Bank Transfer,Yes,4,5,Yes,Yes,No,205.83578947368423,True,0.7094624708068527
134,Male,60,15,Yearly,DSL,Yes,23.47,7718.39,Bank Transfer,Yes,8,3,No,No,No,514.5593333333334,False,0.054117951984929136
135,Male,60,34,Monthly,DSL,Yes,79.84,1393.46,UPI,Yes,8,2,Yes,Yes,No,40.984117647058824,False,0.46488664568220944
137,Male,28,35,2-Year,DSL,No,17.76,891.22,UPI,Yes,0,3,No,No,No,25.463428571428572,False,0.1704426013793617
138,Male,68,64,Monthly,DSL,Yes,110.04,2246.57,Card,Yes,7,3,No,Yes,No,35.10265625,False,0.4724312045311786
140,Male,40,24,2-Year,DSL,Yes,100.34,3088.69,Card,Yes,1,4,No,No,Yes,128.69541666666666,False,0.46149104073105196
141,Female,33,12,Monthly,Fiber,No,69.91,798.34,Bank Transfer,Yes,6,5,Yes,No,No,66.52833333333334,True,0.8165079220267437
142,Male,48,18,Yearly,DSL,Yes,18.56,2803.58,UPI,Yes,7,3,Yes,No,No,155.75444444444443,False,0.051772386904228015
143,Female,28,15,2-Year,DSL,Yes,115.1,7852.93,UPI,No,0,3,No,Yes,No,523.5286666666667,True,0.6285831694144934
144,Female,33,27,2-Year,Fiber,Yes,37.17,5074.5,UPI,Yes,2,2,Yes,Yes,No,187.94444444444446,False,0.22293474978130953
145,Female,25,60,Yearly,Fiber,Yes,104.56,3387.67,UPI,Yes,6,1,Yes,No,Yes,56.46116666666667,False,0.20145379915719794
146,Male,21,46,Monthly,Fiber,Yes,28.57,1415.65,Bank Transfer,Yes,8,3,Yes,No,No,30.775000000000002,False,0.35717036553466774
147,Male,57,17,Monthly,Fiber,Yes,103.93,7890.8,Card,No,7,3,No,Yes,Yes,464.16470588235296,True,0.6701561271131838
148,Male,21,53,Yearly,DSL,Yes,11.46,6584.71,UPI,Yes,7,5,Yes,Yes,No,124.23981132075471,False,0.024478096230775594
149,Male,42,8,2-Year,Fiber,Yes,66.3,2323.67,Bank Transfer,No,8,5,Yes,No,No,290.45875,False,0.26170688109654333
150,Female,20,27,Monthly,Fiber,Yes,94.64,653.54,Card,Yes,9,2,No,Yes,No,24.205185185185183,True,0.6791048181698154
152,Male,20,50,Monthly,Fiber,Yes,110.01,1050.99,Card,Yes,7,2,Yes,Yes,Yes,21.0198,True,0.628520379074865
153,Male,44,71,Monthly,Fiber,Yes,100.16,4688.07,UPI,Yes,0,5,Yes,No,Yes,66.02915492957746,True,0.7253849833069882
156,Female,67,44,2-Year,DSL,Yes,41.26,6759.27,UPI,Yes,7,4,No,Yes,No,153.61977272727273,False,0.10061497367513703
158,Female,36,24,Monthly,DSL,Yes,51.48,5697.81,Card,Yes,5,1,Yes,No,No,237.40875000000003,True,0.6711155721956285
161,Male,35,20,Monthly,DSL,Yes,27.59,2953.61,Card,Yes,4,4,No,No,Yes,147.6805,False,0.49293537358677436
163,Female,59,15,Yearly,DSL,Yes,28.43,658.5,Card,Yes,2,1,Yes,Yes,No,43.9,False,0.08376686525406968
165,Female,38,71,Monthly,Fiber,Yes,65.37,4324.92,UPI,Yes,6,1,Yes,Yes,No,60.9143661971831,False,0.4375469668829413
167,Female,18,9,Yearly,DSL,Yes,91.34,3848.82,Bank Transfer,Yes,1,5,No,No,No,427.6466666666667,False,0.4547520983933882
169,Male,58,48,Monthly,DSL,Yes,27.14,3513.33,Card,Yes,7,4,Yes,Yes,No,73.194375,False,0.23218235764342088
170,Female,29,60,Monthly,DSL,Yes,70.17,6391.49,Card,Yes,9,2,No,Yes,Yes,106.52483333333333,False,0.4319286879515763
171,Female,43,63,Yearly,Fiber,Yes,19.62,4803.78,Bank Transfer,No,5,4,No,No,No,76.25047619047619,False,0.04228027092572909
172,Male,63,2,Monthly,Fiber,No,51.51,7104.1,Card,Yes,0,2,Yes,No,Yes,3552.05,True,0.8803919827567249
173,Male,51,11,Yearly,DSL,Yes,55.49,3346.45,UPI,Yes,9,5,Yes,No,No,304.22272727272724,False,0.09918508470784006
175,Female,31,21,Monthly,DSL,Yes,40.14,5077.15,UPI,Yes,6,2,Yes,No,No,241.7690476190476,True,0.6316662296417246
176,Female,43,18,Monthly,DSL,Yes,115.12,3397.33,UPI,Yes,5,1,Yes,No,Yes,188.74055555555555,True,0.8738725317213732
181,Male,64,45,Monthly,DSL,Yes,53.14,1968.15,UPI,Yes,6,3,Yes,No,Yes,43.73666666666667,False,0.42616167443088565
182,Male,39,33,Yearly,DSL,No,114.26,1770.9,Card,No,7,4,Yes,Yes,No,53.663636363636364,False,0.1651770429925345
183,Female,64,41,Monthly,Fiber,Yes,25.53,5914.68,Card,Yes,4,4,No,Yes,Yes,144.26048780487807,False,0.37814362853419725
184,Male,47,8,Yearly,DSL,Yes,93.99,2628.13,UPI,Yes,8,1,No,Yes,No,328.51625,False,0.13087830889203678
186,Male,65,51,Monthly,Fiber,Yes,117.94,1383.84,Bank Transfer,No,3,1,Yes,Yes,No,27.134117647058822,True,0.6469860145832022
188,Male,43,17,Monthly,DSL,Yes,95.28,6827.49,Card,No,7,3,No,No,Yes,401.6170588235294,True,0.71470412769197
189,Male,53,46,2-Year,Fiber,No,47.69,6923.94,Card,Yes,0,3,Yes,Yes,No,150.52043478260867,False,0.17550767056624278
191,Male,25,54,2-Year,Fiber,Yes,31.12,6122.65,UPI,Yes,4,2,Yes,Yes,No,113.3824074074074,False,0.08647911570821407
192,Male,66,20,Monthly,Fiber,Yes,26.06,1236.62,UPI,No,0,2,No,Yes,Yes,61.830999999999996,False,0.3944022185249086
193,Male,52,33,Monthly,DSL,Yes,113.19,168.09,UPI,Yes,3,4,Yes,No,Yes,5.093636363636364,True,0.7977539174223622
195,Male,32,32,Monthly,Fiber,Yes,107.62,4734.15,UPI,No,3,3,Yes,Yes,No,147.9421875,True,0.7406467735893344
196,Female,64,2,Monthly,Fiber,Yes,78.8,3697.62,Bank Transfer,Yes,7,4,Yes,No,No,1848.81,True,0.8526231885009468
198,Female,31,30,Monthly,Fiber,Yes,17.59,158.96,UPI,Yes,0,3,Yes,Yes,No,5.298666666666667,True,0.5257385318618111
199,Male,43,33,Monthly,Fiber,Yes,46.83,3439.22,Bank Transfer,Yes,6,1,No,Yes,No,104.21878787878788,False,0.37947613927917784
200,Male,45,26,Yearly,Fiber,Yes,44.51,5772.74,UPI,No,0,1,No,Yes,No,222.02846153846153,False,0.07865574395179112
205,Female,62,15,2-Year,DSL,Yes,99.58,4748.61,Bank Transfer,Yes,9,1,No,No,No,316.57399999999996,False,0.38196502738824656
206,Male,43,44,Monthly,Fiber,Yes,52.03,1765.03,Card,Yes,5,3,No,No,Yes,40.114318181818184,False,0.46045774447306365
208,Female,68,61,2-Year,Fiber,Yes,31.64,5061.44,UPI,Yes,0,3,No,No,No,82.9744262295082,False,0.15045286913248884
209,Female,24,67,Yearly,Fiber,Yes,36.12,6656.52,Bank Transfer,Yes,4,4,Yes,Yes,No,99.35104477611941,False,0.05761484194005657
210,Male,20,6,Yearly,DSL,Yes,42.99,3383.46,Bank Transfer,Yes,5,2,Yes,No,No,563.91,False,0.1414429163632305
213,Male,63,32,Yearly,Fiber,No,86.57,5387.22,UPI,No,4,5,No,No,Yes,168.350625,False,0.16566870238763648
215,Male,64,8,Yearly,Fiber,Yes,100.64,3954.41,UPI,Yes,1,3,Yes,Yes,No,494.30125,False,0.26315498990448183
216,Male,62,50,Monthly,Fiber,Yes,32.45,1713.63,UPI,Yes,7,3,Yes,No,No,34.272600000000004,False,0.3050579868931951
217,Female,35,62,Yearly,DSL,Yes,61.59,5051.74,Bank Transfer,Yes,6,1,No,Yes,No,81.47967741935483,False,0.060904259080113474
218,Male,55,62,Monthly,DSL,No,98.1,2934.07,Card,Yes,9,3,No,No,Yes,47.32370967741936,True,0.5311905392902198
219,Female,52,7,Monthly,DSL,Yes,29.82,7965.6,UPI,Yes,6,2,Yes,No,Yes,1137.9428571428573,True,0.660320049780791
220,Male,68,4,Monthly,Fiber,No,22.08,3893.45,Card,No,4,1,Yes,Yes,Yes,973.3625,False,0.4620749077123221
222,Male,42,58,Monthly,DSL,No,47.72,4570.23,Bank Transfer,Yes,4,3,Yes,Yes,Yes,78.79706896551724,False,0.40072489811292594
224,Female,45,26,Monthly,DSL,Yes,12.79,6426.46,Bank Transfer,Yes,2,1,No,Yes,Yes,247.17153846153846,False,0.43945289952410915
225,Female,27,3,Monthly,DSL,Yes,85.91,3663.93,UPI,No,3,5,No,Yes,Yes,1221.31,True,0.8503104320665751
226,Female,56,41,Yearly,Fiber,Yes,44.77,5777.72,Card,No,4,5,Yes,Yes,No,140.92000000000002,False,0.07163955043295302
227,Male,34,60,Monthly,DSL,Yes,16.13,4731.26,UPI,No,2,5,No,Yes,Yes,78.85433333333334,False,0.24246970860406888
228,Female,56,14,Monthly,DSL,Yes,77.08,3989.7,UPI,Yes,6,4,No,No,No,284.9785714285714,True,0.7548421966148489
229,Male,39,12,Yearly,Fiber,Yes,36.49,1619.29,Card,Yes,4,5,Yes,No,No,134.94083333333333,False,0.10745750093566173
231,Female,61,13,Monthly,DSL,Yes,18.86,2041.97,UPI,Yes,5,3,Yes,No,Yes,157.07461538461538,True,0.5282035580475316
232,Female,42,25,2-Year,Fiber,Yes,26.19,7327.25,Bank Transfer,Yes,6,4,Yes,No,No,293.09,False,0.2010141044332163
233,Female,34,45,2-Year,DSL,Yes,42.78,2749.71,UPI,Yes,9,5,Yes,No,No,61.10466666666667,False,0.14865501979397894
234,Female,30,19,Monthly,Fiber,Yes,19.87,7622.89,Card,Yes,9,3,Yes,No,No,401.20473684210526,True,0.5053605329512695
237,Female,21,8,Yearly,Fiber,Yes,63.22,4389.23,Card,No,3,3,No,No,No,548.65375,False,0.2560842967074331
238,Female,27,53,Monthly,Fiber,No,23.56,1122.11,Bank Transfer,Yes,4,2,No,No,Yes,21.171886792452828,False,0.4864565627429095
239,Male,20,55,Yearly,Fiber,Yes,43.84,3068.99,Card,Yes,4,3,No,No,No,55.799818181818175,False,0.06212586170119474
241,Female,62,51,Monthly,DSL,Yes,27.79,5021.34,Card,Yes,8,4,Yes,No,Yes,98.45764705882353,False,0.3554548802644318
243,Female,64,70,Yearly,Fiber,Yes,32.64,6246.08,Card,No,4,1,Yes,Yes,No,89.22971428571428,False,0.03050607507611516
244,Male,53,18,Monthly,Fiber,Yes,91.57,1841.72,Card,Yes,2,5,No,No,No,102.31777777777778,True,0.7809286940529345
246,Female,39,37,Monthly,Fiber,Yes,107.29,3310.02,Card,Yes,8,3,Yes,No,Yes,89.46,True,0.7797334228756457
248,Male,64,59,Monthly,Fiber,Yes,68.8,5712.33,UPI,Yes,8,1,Yes,No,No,96.81915254237288,False,0.39885944522485506
249,Male,25,3,Yearly,DSL,No,31.5,3409.5,UPI,Yes,9,2,Yes,No,No,1136.5,False,0.11112937720939628
250,Male,57,28,Monthly,DSL,No,28.29,4186.45,Card,No,3,4,Yes,No,No,149.51607142857142,False,0.4840678707491827
251,Female,66,35,Monthly,Fiber,Yes,110.81,765.28,UPI,Yes,4,5,No,Yes,Yes,21.865142857142857,True,0.7560327908125968
253,Female,36,54,Monthly,DSL,Yes,50.93,5364.62,UPI,Yes,1,1,No,No,Yes,99.34481481481481,True,0.6056582029756097
255,Male,58,7,Monthly,Fiber,Yes,47.27,4727.89,Card,No,7,3,No,No,No,675.4128571428572,True,0.5342663810886641
257,Male,23,31,Monthly,DSL,Yes,91.17,7730.11,Card,Yes,4,2,No,No,Yes,249.35838709677418,True,0.7394801432545455
260,Male,51,24,Monthly,Fiber,No,15.46,2039.09,Card,Yes,7,3,No,Yes,No,84.96208333333333,False,0.28424241979288045
261,Male,62,20,Monthly,Fiber,Yes,38.28,5768.73,Bank Transfer,Yes,6,3,No,Yes,Yes,288.43649999999997,False,0.3870772030588257
262,Female,23,37,Monthly,Fiber,Yes,61.15,6236.89,Bank Transfer,Yes,3,1,No,No,Yes,168.5645945945946,True,0.7103300074080157
263,Male,54,4,Monthly,DSL,Yes,34.97,5420.02,UPI,Yes,5,5,No,No,Yes,1355.005,True,0.620758360222331
264,Male,50,20,2-Year,DSL,Yes,91.83,4954.55,Bank Transfer,No,3,4,No,Yes,No,247.72750000000002,False,0.28934039071296097
265,Male,39,60,Monthly,Fiber,Yes,111.11,7150.51,UPI,Yes,6,4,Yes,Yes,No,119.17516666666667,True,0.6165202976709493
266,Female,38,24,Yearly,Fiber,No,56.61,721.15,Card,Yes,0,3,No,No,No,30.047916666666666,False,0.23351674453943086
267,Female,23,50,Yearly,DSL,Yes,47.63,2714.23,UPI,Yes,4,2,No,Yes,No,54.2846,False,0.07020280986108512
268,Female,23,49,Yearly,DSL,Yes,115.77,2061.47,Card,No,9,2,Yes,No,Yes,42.07081632653061,False,0.19200438337207784
269,Male,65,51,Monthly,DSL,Yes,58.93,7905.31,Card,No,9,5,No,Yes,No,155.00607843137254,False,0.26608086060884234
270,Male,21,36,Monthly,DSL,Yes,63.8,3176.18,Card,No,3,2,Yes,Yes,No,88.22722222222222,True,0.5230482888205265
271,Female,47,66,Yearly,Fiber,Yes,48.68,5887.64,Card,Yes,6,4,No,No,No,89.20666666666668,False,0.06272485406334966
272,Female,28,34,2-Year,DSL,Yes,110.05,5509.33,Card,No,8,2,No,No,Yes,162.03911764705882,False,0.3884883591281623
273,Female,47,36,Monthly,Fiber,Yes,72.59,1775.44,UPI,Yes,4,5,Yes,No,No,49.31777777777778,True,0.7276462084942006
276,Female,26,42,2-Year,DSL,Yes,47.6,3347.91,Bank Transfer,Yes,4,4,No,Yes,No,79.71214285714285,False,0.1742478429643597
280,Female,57,18,Monthly,DSL,Yes,97.33,7728.32,UPI,No,6,2,No,No,Yes,429.3511111111111,True,0.788443838290362
281,Female,54,40,Monthly,DSL,Yes,113.51,2798.41,Card,Yes,4,5,No,Yes,Yes,69.96025,True,0.7588231701314033
283,Female,41,15,2-Year,Fiber,Yes,91.58,156.03,Card,Yes,3,1,Yes,No,No,10.402,False,0.49370415545187596
285,Female,23,8,Monthly,DSL,Yes,102.95,6620.98,Bank Transfer,Yes,4,3,Yes,No,Yes,827.6225,True,0.9122972982605316
286,Male,19,42,Monthly,DSL,Yes,53.46,1258.21,UPI,Yes,8,1,Yes,No,Yes,29.95738095238095,False,0.44551475049154304
287,Male,37,44,Monthly,DSL,Yes,15.64,1361.36,Bank Transfer,Yes,8,1,Yes,No,No,30.939999999999998,False,0.25811397829750343
289,Male,28,2,Monthly,Fiber,Yes,84.11,4968.7,Bank Transfer,No,3,4,No,No,Yes,2484.35,True,0.8796819817559111
290,Female,21,37,Monthly,DSL,Yes,59.54,454.4,UPI,Yes,1,3,Yes,No,No,12.28108108108108,True,0.7391999293164004
291,Male,32,69,Monthly,DSL,No,92.39,5018.12,Card,Yes,2,5,No,No,Yes,72.7263768115942,True,0.6794385579654603
293,Male,66,41,Monthly,Fiber,Yes,79.82,3012.93,UPI,Yes,4,2,Yes,No,No,73.48609756097561,True,0.6023068945605398
295,Female,55,60,Monthly,DSL,Yes,92.43,6506.39,Card,No,4,5,No,Yes,Yes,108.43983333333334,True,0.5869209996321674
296,Female,68,14,Yearly,Fiber,Yes,70.03,3262.82,UPI,Yes,1,5,Yes,No,No,233.05857142857144,False,0.2674809022579621
297,Female,19,2,Yearly,Fiber,Yes,32.45,7582.51,Bank Transfer,No,4,1,Yes,Yes,No,3791.255,False,0.2530269351119949
298,Male,32,70,Monthly,DSL,Yes,42.11,3311.06,Bank Transfer,Yes,8,3,Yes,Yes,No,47.30085714285714,False,0.2281361408284619
299,Male,28,17,Monthly,Fiber,Yes,92.35,6197.5,Card,Yes,3,1,No,No,Yes,364.55882352941177,True,0.7942925680814624
300,Female,25,28,Monthly,Fiber,Yes,63.09,3922.63,Card,Yes,9,3,No,Yes,Yes,140.09392857142856,True,0.5374164825702438
302,Male,68,35,Monthly,DSL,Yes,116.4,7271.31,Bank Transfer,Yes,2,4,No,No,Yes,207.75171428571429,True,0.8021124269308892
303,Male,62,5,Monthly,DSL,Yes,88.66,790.59,Bank Transfer,No,2,3,Yes,Yes,Yes,158.118,True,0.7178178738626314
304,Female,61,65,Monthly,DSL,Yes,115.28,7498.3,Card,Yes,8,2,No,Yes,No,115.35846153846154,True,0.580071903616953
305,Female,22,40,Yearly,DSL,Yes,56.98,6621.73,Card,No,3,3,Yes,Yes,No,165.54325,False,0.10875794038979783
306,Male,23,56,Monthly,DSL,No,62.26,6351.35,UPI,No,0,3,Yes,No,Yes,113.41696428571429,True,0.6461632003634828
307,Female,43,36,Yearly,Fiber,Yes,108.78,1687.2,Bank Transfer,Yes,0,3,Yes,No,No,46.86666666666667,False,0.38185664347529674
309,Female,36,23,2-Year,DSL,Yes,87.8,6816.05,UPI,Yes,6,1,No,No,No,296.35,False,0.39349371400450667
312,Male,37,11,Yearly,Fiber,Yes,23.58,493.9,Card,Yes,8,1,Yes,Yes,Yes,44.9,False,0.03828946716323289
313,Female,66,10,Monthly,DSL,Yes,32.66,1284.28,UPI,Yes,4,5,Yes,Yes,Yes,128.428,True,0.535843865570467
314,Male,29,67,Monthly,Fiber,Yes,10.1,4346.89,UPI,Yes,2,4,Yes,Yes,No,64.8789552238806,False,0.2377738346694903
315,Male,64,14,2-Year,DSL,Yes,14.32,4648.76,Bank Transfer,Yes,2,5,No,Yes,No,332.05428571428575,False,0.1072738216603502
316,Female,18,10,Monthly,Fiber,Yes,117.5,5196.69,UPI,Yes,2,4,Yes,Yes,Yes,519.669,True,0.915451672831067
318,Male,31,5,Yearly,DSL,Yes,82.96,7686.9,Bank Transfer,Yes,3,1,Yes,Yes,No,1537.3799999999999,False,0.2548346068422101
321,Female,28,43,Monthly,Fiber,No,26.85,210.71,Card,Yes,0,1,No,No,No,4.900232558139535,True,0.5976388263183077
322,Male,53,1,Yearly,DSL,Yes,90.09,4578.18,Bank Transfer,Yes,8,2,Yes,No,Yes,4578.18,False,0.40684554988784777
324,Female,60,64,Yearly,Fiber,Yes,90.44,5360.98,Card,Yes,5,5,No,No,Yes,83.7653125,False,0.13186782644384049
325,Female,20,28,2-Year,DSL,No,94.67,6598.99,Card,Yes,0,5,No,No,No,235.6782142857143,True,0.6270180508810758
326,Female,50,37,Yearly,DSL,Yes,117.3,204.92,Card,Yes,2,3,No,No,Yes,5.538378378378378,False,0.31532416671394187
328,Male,67,37,Monthly,DSL,Yes,47.58,3730.55,UPI,Yes,4,5,No,No,No,100.82567567567568,False,0.4599300698396398
330,Female,22,44,Yearly,DSL,Yes,17.53,670.48,UPI,No,6,2,No,Yes,No,15.238181818181818,False,0.032877391923783784
331,Male,40,56,Monthly,Fiber,Yes,108.71,5507.04,UPI,No,9,1,No,Yes,Yes,98.34,False,0.4703848157093293
334,Male,19,61,Yearly,DSL,Yes,99.73,3933.8,Bank Transfer,Yes,5,5,Yes,Yes,Yes,64.48852459016393,False,0.11391012006547693
335,Female,30,20,Yearly,DSL,Yes,75.7,1280.11,Card,Yes,8,4,No,No,No,64.0055,False,0.16559782071857357
337,Male,19,37,Monthly,DSL,Yes,62.08,1461.85,Bank Transfer,Yes,8,5,No,No,No,39.50945945945946,True,0.5182293492157174
338,Male,37,20,Monthly,Fiber,Yes,104.0,6991.92,Bank Transfer,Yes,9,4,No,No,Yes,349.596,True,0.7426822878863479
339,Female,18,26,Monthly,DSL,Yes,47.4,4943.62,Card,No,3,2,Yes,No,Yes,190.13923076923078,True,0.6785177785392585
340,Female,54,29,2-Year,Fiber,Yes,105.66,1341.91,Card,Yes,8,4,Yes,Yes,No,46.27275862068966,False,0.31411642408209683
341,Male,26,1,Monthly,Fiber,Yes,19.69,7702.47,UPI,Yes,6,2,Yes,Yes,Yes,7702.47,True,0.831570709211191
342,Female,34,35,Monthly,Fiber,Yes,95.45,4195.09,UPI,Yes,4,5,Yes,No,Yes,119.85971428571429,True,0.8228266119682321
343,Male,26,70,Yearly,Fiber,Yes,103.23,675.9,Bank Transfer,Yes,4,2,No,Yes,No,9.655714285714286,False,0.09165603464719914
344,Female,28,59,Monthly,Fiber,Yes,30.0,5051.98,Card,Yes,0,4,No,No,Yes,85.62677966101694,True,0.541952648199989
345,Male,32,69,Yearly,DSL,Yes,57.34,2100.27,Bank Transfer,No,1,3,No,No,No,30.438695652173912,False,0.0657382086199724
346,Male,41,33,Yearly,Fiber,Yes,28.2,6449.18,UPI,Yes,9,1,No,No,No,195.42969696969698,False,0.037528081688462014
347,Male,55,51,2-Year,DSL,Yes,87.73,6560.79,UPI,No,2,1,No,No,Yes,128.6429411764706,False,0.22422653303048798
348,Female,52,12,Monthly,Fiber,Yes,68.89,7833.68,Bank Transfer,Yes,7,3,No,No,Yes,652.8066666666667,True,0.7432710545204109
350,Male,48,53,Monthly,Fiber,Yes,31.61,3694.16,Card,Yes,9,5,No,No,No,69.70113207547169,False,0.26144054246421977
352,Male,22,50,Monthly,Fiber,No,14.56,1146.52,Card,Yes,0,4,Yes,No,Yes,22.9304,False,0.4687596251153048
353,Male,61,29,Monthly,Fiber,No,45.43,4420.63,Card,No,8,4,No,Yes,No,152.4355172413793,False,0.3382376462717961
354,Female,67,57,Yearly,Fiber,Yes,71.57,4415.36,UPI,No,2,2,No,No,No,77.46245614035087,False,0.10848232235421107
357,Female,26,43,Yearly,Fiber,Yes,57.89,6840.95,Card,No,3,4,Yes,No,No,159.09186046511627,False,0.14643696216982627
358,Female,51,50,2-Year,DSL,Yes,114.84,6863.61,Card,Yes,1,1,No,Yes,Yes,137.2722,False,0.3876070772867381
359,Male,29,23,Yearly,Fiber,Yes,89.12,883.98,Card,Yes,8,2,Yes,No,Yes,38.43391304347826,False,0.1456011510175027
361,Female,52,38,Monthly,Fiber,Yes,68.03,2175.29,Card,Yes,6,5,No,No,No,57.244473684210526,True,0.6253969390322854
365,Male,46,50,2-Year,Fiber,Yes,23.34,899.21,Bank Transfer,Yes,9,3,No,No,No,17.9842,False,0.05478120680066523
368,Female,58,8,Monthly,Fiber,Yes,72.09,6332.42,Bank Transfer,No,5,4,No,Yes,Yes,791.5525,True,0.7126124100916044
370,Male,31,5,Monthly,Fiber,Yes,28.29,5149.69,Card,Yes,2,1,No,Yes,Yes,1029.9379999999999,True,0.5482582630479437
372,Female,52,34,2-Year,DSL,No,77.89,5737.92,UPI,Yes,9,3,No,Yes,No,168.76235294117646,False,0.2062911611291469
373,Female,38,65,Monthly,DSL,Yes,116.68,7002.06,Card,Yes,9,1,Yes,No,Yes,107.724,True,0.6898486615269628
375,Male,22,43,Monthly,DSL,Yes,111.49,6946.11,UPI,Yes,4,2,No,Yes,Yes,161.53744186046512,True,0.6976448276654534
376,Female,36,30,2-Year,Fiber,No,93.84,4789.24,Card,Yes,3,2,Yes,No,No,159.64133333333334,True,0.5177376183394528
377,Female,31,17,Monthly,DSL,Yes,75.09,1104.17,Card,No,8,2,Yes,Yes,Yes,64.95117647058824,True,0.6090037480034456
380,Male,42,47,Monthly,Fiber,Yes,78.57,5632.75,Bank Transfer,Yes,1,1,Yes,No,Yes,119.84574468085107,True,0.6750429966460397
382,Female,59,68,Yearly,Fiber,Yes,63.88,935.79,UPI,Yes,4,4,No,No,No,13.761617647058824,False,0.07997493761500192
383,Female,42,33,Monthly,DSL,Yes,68.15,4098.5,Bank Transfer,Yes,6,2,No,No,Yes,124.1969696969697,True,0.6492205237963989
384,Male,35,1,2-Year,DSL,No,46.79,6535.54,Card,No,0,4,No,Yes,No,6535.54,True,0.6428501282803033
385,Male,57,19,Monthly,Fiber,Yes,67.12,7495.69,Bank Transfer,Yes,9,1,No,No,No,394.51,True,0.5381814960660714
386,Female,25,31,Monthly,Fiber,No,31.73,4156.79,Bank Transfer,No,4,1,Yes,Yes,No,134.09,True,0.5203175530721731
388,Male,57,53,Monthly,DSL,Yes,30.44,4331.94,Bank Transfer,Yes,9,5,Yes,No,No,81.73471698113207,False,0.2651194639888452
389,Male,31,48,Monthly,Fiber,Yes,19.35,3214.1,Card,Yes,1,4,No,Yes,No,66.96041666666666,False,0.31914454867635156
390,Male,49,69,Monthly,DSL,Yes,57.99,6800.8,Bank Transfer,Yes,1,5,No,Yes,No,98.5623188405797,False,0.39851844483363075
391,Male,68,62,Monthly,Fiber,Yes,82.41,3994.56,UPI,Yes,8,5,Yes,Yes,Yes,64.42838709677419,False,0.3699096169997511
392,Male,55,66,Yearly,DSL,Yes,58.15,3828.03,Bank Transfer,No,3,5,No,No,No,58.000454545454545,False,0.05438662213178733
394,Female,40,70,Yearly,DSL,No,71.4,6789.6,UPI,No,6,1,Yes,Yes,No,96.99428571428572,False,0.06778779594238776
395,Male,32,63,2-Year,DSL,No,48.17,6672.34,UPI,Yes,9,4,Yes,No,No,105.91015873015873,False,0.10090778342164541
396,Female,50,33,Monthly,DSL,Yes,112.62,3287.81,UPI,No,9,3,No,Yes,No,99.63060606060606,True,0.6572262785589396
397,Female,42,41,Monthly,DSL,Yes,111.49,2733.07,UPI,Yes,1,5,No,Yes,Yes,66.66024390243903,True,0.8059469471392764
398,Female,34,48,Monthly,DSL,Yes,65.26,3986.23,Card,No,2,3,No,Yes,No,83.04645833333333,True,0.5576342023619848
400,Male,64,31,Monthly,Fiber,No,91.08,1982.86,Card,No,5,1,No,Yes,Yes,63.96322580645161,True,0.5594789181056382
401,Female,19,68,Yearly,DSL,Yes,14.04,6372.25,UPI,No,2,2,No,Yes,No,93.7095588235294,False,0.03200707313802683
403,Male,57,19,Monthly,DSL,No,47.0,2738.96,Card,Yes,3,2,No,No,No,144.15578947368422,True,0.5790791653871306
404,Male,57,70,Yearly,DSL,Yes,111.26,943.89,Bank Transfer,Yes,2,3,No,No,No,13.484142857142857,False,0.1357630758853281
405,Female,68,13,Monthly,Fiber,Yes,11.32,1986.88,Bank Transfer,No,7,4,No,Yes,Yes,152.83692307692309,False,0.31574761336312324
406,Female,56,23,Yearly,DSL,Yes,70.81,7599.32,UPI,Yes,9,2,No,No,No,330.40521739130435,False,0.12348076886839768
409,Female,23,71,Monthly,Fiber,Yes,19.39,3739.32,Card,Yes,6,3,Yes,Yes,Yes,52.66647887323944,False,0.25707327908417993
410,Female,20,15,Monthly,DSL,Yes,116.97,2525.99,UPI,No,6,1,Yes,No,No,168.39933333333332,True,0.868237423882437
412,Female,68,71,Monthly,DSL,Yes,77.56,2652.85,Card,Yes,2,5,No,No,Yes,37.36408450704225,True,0.5847323626735385
413,Female,25,15,2-Year,DSL,Yes,36.03,4398.46,Card,No,9,4,Yes,No,No,293.23066666666665,False,0.1869355596122292
414,Male,59,21,Monthly,DSL,Yes,63.18,4458.53,Card,Yes,9,4,Yes,No,Yes,212.31095238095236,True,0.5114098327515075
415,Male,69,19,Monthly,Fiber,Yes,57.21,2916.82,UPI,Yes,3,5,No,Yes,Yes,153.51684210526318,True,0.5122186743284908
416,Male,32,60,Monthly,DSL,Yes,18.24,3633.69,Card,Yes,6,5,No,Yes,Yes,60.5615,False,0.1918941238343833
418,Female,46,49,2-Year,DSL,Yes,102.12,3081.05,UPI,Yes,2,3,No,No,Yes,62.87857142857143,False,0.40737260878962683
420,Female,69,44,Monthly,DSL,Yes,31.45,2023.39,UPI,Yes,6,1,Yes,Yes,Yes,45.98613636363637,False,0.30783514385563515
423,Female,44,46,Monthly,DSL,Yes,16.81,1727.31,UPI,Yes,0,5,Yes,Yes,No,37.55021739130434,False,0.42793862767918106
424,Male,53,9,Monthly,DSL,Yes,73.45,5703.44,Card,No,2,5,No,No,No,633.7155555555555,True,0.7393818709997861
426,Male,55,26,Monthly,Fiber,Yes,14.01,3409.57,UPI,Yes,6,2,Yes,No,Yes,131.1373076923077,False,0.33164264087894874
427,Male,50,48,Monthly,DSL,Yes,15.8,6229.33,Card,Yes,3,4,No,No,Yes,129.77770833333332,False,0.31322023064898663
428,Female,54,66,Monthly,Fiber,Yes,101.76,2775.99,Bank Transfer,Yes,0,1,No,Yes,Yes,42.06045454545454,True,0.6811410470125323
429,Male,44,70,Monthly,DSL,No,22.98,4553.52,Bank Transfer,Yes,5,5,No,No,Yes,65.05028571428572,False,0.28530812648833254
430,Female,50,28,2-Year,DSL,Yes,14.97,1719.34,Card,Yes,1,2,No,Yes,No,61.404999999999994,False,0.11657985993825432
431,Male,21,26,Monthly,DSL,Yes,58.17,5961.76,UPI,Yes,2,1,Yes,Yes,Yes,229.29846153846154,True,0.5862440157802152
432,Female,39,25,Monthly,DSL,Yes,102.84,513.0,Bank Transfer,No,3,3,No,No,Yes,20.52,True,0.8214900406303032
433,Male,19,12,Yearly,Fiber,Yes,38.86,6835.09,Bank Transfer,Yes,5,5,No,Yes,No,569.5908333333333,False,0.08913217503405899
434,Female,27,5,Monthly,DSL,Yes,56.39,1665.75,UPI,No,5,4,Yes,Yes,Yes,333.15,True,0.6731799797806982
437,Female,50,44,Yearly,Fiber,Yes,73.54,5809.2,UPI,Yes,6,2,Yes,Yes,No,132.02727272727273,False,0.09571610527133499
438,Female,55,15,2-Year,DSL,Yes,72.8,2621.88,UPI,Yes,1,1,No,No,No,174.792,False,0.4043813766192278
440,Male,48,48,Monthly,Fiber,Yes,44.71,1100.43,Card,No,9,5,Yes,Yes,No,22.925625,False,0.24062867107912814
441,Male,64,70,Monthly,DSL,Yes,21.73,1510.31,Bank Transfer,Yes,7,3,Yes,No,No,21.575857142857142,False,0.188928847442014
444,Female,41,21,Monthly,Fiber,No,94.33,1648.24,Card,Yes,9,5,No,Yes,Yes,78.48761904761905,True,0.7096415110338896
445,Female,69,23,Yearly,DSL,Yes,116.29,7555.75,UPI,Yes,5,2,Yes,Yes,No,328.5108695652174,False,0.2467214127547181
446,Male,32,47,Yearly,DSL,Yes,116.71,7814.27,Card,No,0,1,No,No,No,166.26106382978725,False,0.24059937602015796
450,Female,46,51,Monthly,DSL,Yes,41.37,2230.97,Bank Transfer,Yes,7,4,No,Yes,Yes,43.74450980392157,False,0.3435638531859325
451,Female,64,15,Yearly,Fiber,Yes,79.38,5648.95,Card,Yes,3,3,No,No,No,376.59666666666664,False,0.23671964919202376
452,Female,21,68,Monthly,Fiber,No,60.12,5305.32,Bank Transfer,Yes,2,5,Yes,Yes,No,78.01941176470588,True,0.6040842748284194
453,Female,29,21,Monthly,DSL,Yes,63.02,7914.09,Card,Yes,0,2,No,Yes,No,376.8614285714286,True,0.734195580946704
454,Female,62,13,Monthly,Fiber,Yes,93.36,2193.87,Card,No,8,4,Yes,Yes,No,168.75923076923075,True,0.6780016172902286
456,Male,44,34,Monthly,Fiber,Yes,44.98,510.99,UPI,Yes,5,4,No,Yes,Yes,15.029117647058824,False,0.3692808618272585
457,Female,48,68,Yearly,Fiber,Yes,111.71,997.8,Card,Yes,5,4,Yes,No,No,14.673529411764704,False,0.17987223384702494
458,Female,68,52,Monthly,Fiber,Yes,16.18,130.96,Bank Transfer,Yes,8,4,Yes,No,Yes,2.5184615384615388,False,0.2821988707954909
460,Male,53,29,Yearly,DSL,Yes,110.41,6437.96,Bank Transfer,Yes,5,5,No,Yes,No,221.99862068965518,False,0.1633712023765091
462,Male,43,35,Monthly,DSL,Yes,70.1,4126.84,Card,Yes,5,1,No,No,No,117.90971428571429,True,0.5457368213318696
463,Female,60,8,Yearly,DSL,No,37.47,2470.53,Card,Yes,7,2,Yes,No,No,308.81625,False,0.11738556733028933
464,Male,44,16,Monthly,DSL,Yes,47.76,1294.99,Card,No,4,2,Yes,No,No,80.936875,True,0.5332860054218476
465,Female,22,36,Yearly,Fiber,Yes,103.73,2348.93,UPI,Yes,1,4,Yes,No,Yes,65.24805555555555,False,0.3637455456619578
466,Male,37,30,Monthly,Fiber,Yes,71.51,3070.17,Card,Yes,1,5,No,Yes,Yes,102.339,True,0.6186705394053049
467,Female,28,18,2-Year,DSL,Yes,66.62,6074.85,Bank Transfer,Yes,9,5,No,Yes,No,337.4916666666667,False,0.22994045543175068
468,Male,27,2,Yearly,DSL,Yes,20.95,4363.33,UPI,Yes,4,3,Yes,No,Yes,2181.665,False,0.1432787759914269
469,Male,57,49,2-Year,Fiber,Yes,11.76,712.12,Bank Transfer,Yes,2,3,Yes,No,No,14.533061224489796,False,0.07951336179904765
471,Male,23,7,Monthly,DSL,Yes,51.47,908.42,UPI,No,2,3,Yes,No,Yes,129.7742857142857,True,0.6757099070744766
473,Male,40,13,Monthly,Fiber,Yes,18.77,7472.22,UPI,No,6,1,Yes,No,No,574.7861538461539,False,0.425443902916144
474,Female,64,31,Monthly,DSL,Yes,85.14,5135.48,Bank Transfer,Yes,0,1,No,No,Yes,165.66064516129032,True,0.7868350264009082
478,Female,29,42,Monthly,Fiber,Yes,73.99,956.36,UPI,Yes,0,4,No,No,No,22.77047619047619,True,0.765329514787826
479,Male,43,61,Yearly,Fiber,Yes,94.3,7019.87,Card,No,7,4,No,No,Yes,115.07983606557377,False,0.08320030537900562
482,Female,35,36,2-Year,Fiber,Yes,81.36,4146.86,UPI,Yes,0,4,Yes,Yes,No,115.19055555555555,False,0.380697701117517
485,Male,64,54,Monthly,Fiber,Yes,24.44,7574.88,Bank Transfer,Yes,0,2,Yes,No,No,140.27555555555557,False,0.39174783401851787
489,Male,61,47,Monthly,Fiber,Yes,93.64,596.97,UPI,Yes,9,3,Yes,No,No,12.701489361702128,True,0.5221195886460457
491,Female,65,22,Monthly,Fiber,Yes,43.11,356.52,Bank Transfer,Yes,9,2,No,No,No,16.205454545454543,False,0.45847646561174454
492,Male,21,21,Monthly,Fiber,Yes,30.24,5972.49,UPI,Yes,7,2,Yes,No,No,284.4042857142857,False,0.46825398885134856
493,Male,22,9,Yearly,DSL,No,93.21,5814.31,Card,Yes,3,2,Yes,No,Yes,646.0344444444445,False,0.33826903512576656
494,Female,54,26,2-Year,DSL,No,62.16,1174.84,Bank Transfer,No,7,5,Yes,No,No,45.18615384615384,False,0.26052631106278906
496,Male,59,15,Yearly,Fiber,Yes,77.83,1322.81,Card,Yes,6,1,No,Yes,No,88.18733333333333,False,0.08439378379513411
497,Male,66,10,2-Year,DSL,Yes,14.44,2479.29,Card,Yes,1,2,Yes,Yes,Yes,247.929,False,0.10564009951755057
499,Male,48,24,Monthly,DSL,Yes,61.54,3041.23,Bank Transfer,Yes,7,2,No,No,No,126.71791666666667,True,0.5127914962886216
500,Female,26,49,Yearly,DSL,Yes,26.28,2111.84,UPI,No,4,5,Yes,No,No,43.098775510204085,False,0.06599740379653285
501,Male,68,26,Monthly,Fiber,Yes,118.31,3962.71,Card,Yes,2,2,No,No,Yes,152.41192307692307,True,0.8001948786954212
502,Male,46,37,Yearly,Fiber,Yes,33.0,3318.52,Bank Transfer,No,6,5,Yes,Yes,No,89.68972972972973,False,0.03505124694106747
503,Male,31,68,Monthly,DSL,Yes,24.34,7893.9,Card,No,1,2,No,Yes,Yes,116.08676470588235,False,0.23535640011411094
504,Female,57,50,2-Year,DSL,Yes,32.39,541.82,UPI,Yes,2,4,Yes,Yes,No,10.836400000000001,False,0.11210578856939464
505,Male,58,24,Monthly,Fiber,Yes,94.6,1223.23,Bank Transfer,Yes,8,1,No,No,Yes,50.96791666666667,True,0.6168917356163294
507,Female,28,60,Yearly,Fiber,No,72.2,5044.15,UPI,Yes,3,5,Yes,Yes,No,84.06916666666666,False,0.13212573984477782
508,Male,40,39,Monthly,DSL,Yes,12.31,530.62,Bank Transfer,Yes,2,3,No,Yes,Yes,13.605641025641026,False,0.270531953114841
510,Female,63,19,Monthly,DSL,No,59.04,4144.32,Bank Transfer,No,2,2,Yes,No,Yes,218.1221052631579,True,0.7364988860945632
512,Female,38,55,Monthly,DSL,Yes,107.38,4536.6,UPI,Yes,2,2,Yes,Yes,Yes,82.48363636363636,True,0.7381281786300198
515,Female,53,49,Yearly,DSL,Yes,110.46,2618.66,Bank Transfer,Yes,5,1,Yes,Yes,No,53.442040816326525,False,0.15609492841432282
517,Female,18,21,2-Year,Fiber,Yes,101.25,1759.93,UPI,Yes,5,2,Yes,No,No,83.80619047619048,True,0.5118236483787538
518,Female,68,22,Monthly,DSL,Yes,24.71,1019.02,Bank Transfer,Yes,9,1,No,No,Yes,46.31909090909091,False,0.35574177907039856
519,Female,57,48,2-Year,Fiber,Yes,112.89,7763.92,Bank Transfer,Yes,2,3,No,Yes,No,161.74833333333333,False,0.38162235739087025
520,Female,32,37,Monthly,DSL,Yes,92.66,273.66,Bank Transfer,Yes,3,2,Yes,No,Yes,7.396216216216217,True,0.789299659697464
524,Male,26,32,Monthly,DSL,Yes,113.2,1171.45,UPI,Yes,5,2,No,No,No,36.6078125,True,0.7576512323076853
525,Female,27,11,Yearly,Fiber,Yes,40.31,1250.47,Bank Transfer,Yes,6,1,Yes,Yes,No,113.67909090909092,False,0.09497039441802992
526,Male,69,10,Monthly,Fiber,Yes,46.54,5609.71,UPI,Yes,4,2,Yes,No,Yes,560.971,True,0.5853914993945412
527,Male,43,57,Yearly,DSL,No,87.09,5178.17,Card,Yes,8,3,No,No,No,90.84508771929825,False,0.0849399745612638
528,Female,58,25,2-Year,DSL,Yes,94.18,6283.69,UPI,Yes,3,2,Yes,Yes,Yes,251.34759999999997,False,0.36548911399609996
529,Female,52,2,Monthly,Fiber,Yes,112.23,7506.1,Bank Transfer,No,9,5,Yes,Yes,Yes,3753.05,True,0.9045834236863649
530,Female,69,64,2-Year,Fiber,Yes,32.53,5566.23,Card,Yes,5,3,No,No,No,86.97234375,False,0.08751268888582808
531,Male,42,35,Monthly,Fiber,Yes,97.78,1331.23,Card,Yes,4,1,Yes,No,No,38.03514285714286,True,0.701010147169499
532,Female,43,7,Monthly,Fiber,Yes,91.24,2023.2,Bank Transfer,Yes,0,3,Yes,No,Yes,289.0285714285714,True,0.8934649294366434
533,Male,28,18,Monthly,DSL,Yes,17.02,6753.33,Bank Transfer,Yes,4,5,No,No,Yes,375.185,False,0.4759701110482403
534,Male,55,67,Monthly,DSL,Yes,52.59,1753.52,Bank Transfer,Yes,4,5,Yes,Yes,No,26.17194029850746,False,0.3063536479934098
536,Female,24,39,Monthly,Fiber,Yes,43.49,5655.91,UPI,Yes,0,2,No,Yes,No,145.02333333333334,True,0.5842265828648088
538,Male,44,24,2-Year,DSL,Yes,80.71,7368.32,Bank Transfer,Yes,6,3,Yes,No,No,307.0133333333333,False,0.2822625716660893
539,Male,51,60,Yearly,DSL,No,88.94,5237.02,Bank Transfer,Yes,5,4,No,No,No,87.28366666666668,False,0.10889899669958987
541,Male,34,19,2-Year,Fiber,Yes,51.49,7588.07,Card,Yes,6,2,Yes,No,No,399.3721052631579,False,0.20556654483114842
542,Female,60,68,Yearly,Fiber,Yes,98.2,2142.6,UPI,No,5,2,Yes,No,No,31.508823529411764,False,0.11762130918078684
543,Male,61,42,Monthly,Fiber,Yes,57.8,2763.98,Card,Yes,4,2,No,Yes,No,65.80904761904762,False,0.3691694095896927
544,Female,68,32,Monthly,Fiber,Yes,105.65,3277.86,Bank Transfer,Yes,9,1,Yes,No,Yes,102.433125,True,0.7135926087275835
547,Male,24,36,Yearly,DSL,Yes,34.06,1074.22,UPI,No,7,5,No,Yes,No,29.839444444444446,False,0.031554407997174655
548,Female,69,3,Monthly,Fiber,Yes,45.88,3267.67,Bank Transfer,Yes,9,2,Yes,Yes,Yes,1089.2233333333334,True,0.5457546442431461
549,Female,23,8,Monthly,Fiber,Yes,93.18,2870.61,UPI,No,3,3,Yes,Yes,Yes,358.82625,True,0.8250560007426464
550,Male,41,70,Monthly,Fiber,Yes,53.31,6205.44,Bank Transfer,No,3,5,No,No,No,88.64914285714285,False,0.39531838026570626
552,Female,66,68,Monthly,Fiber,Yes,58.9,1311.96,Card,Yes,4,1,No,Yes,Yes,19.293529411764705,False,0.34753240239155875
554,Female,60,49,Monthly,Fiber,Yes,35.12,3049.49,Bank Transfer,Yes,7,5,Yes,Yes,No,62.234489795918364,False,0.33336683821210256
555,Male,39,60,Monthly,Fiber,Yes,16.43,1296.14,UPI,Yes,6,2,No,No,No,21.602333333333334,False,0.2163966244613736
556,Female,43,2,2-Year,DSL,Yes,42.99,6407.78,Card,Yes,4,5,Yes,No,No,3203.89,True,0.5048304773014419
557,Female,45,60,Yearly,Fiber,Yes,62.17,5687.1,Card,Yes,9,1,Yes,Yes,No,94.78500000000001,False,0.04478711045944987
558,Female,67,5,Monthly,Fiber,No,28.48,1604.02,UPI,Yes,2,5,Yes,Yes,No,320.804,True,0.6225633862089378
559,Female,38,44,Yearly,DSL,Yes,49.03,2997.1,UPI,Yes,4,2,Yes,No,No,68.11590909090908,False,0.09835031626973646
562,Male,34,21,Monthly,Fiber,Yes,74.16,1058.84,Card,No,4,4,Yes,Yes,Yes,50.42095238095238,True,0.579037910269913
564,Male,58,50,Yearly,Fiber,Yes,26.69,6267.39,UPI,Yes,5,2,Yes,No,No,125.3478,False,0.036102567618070854
565,Female,66,67,Monthly,DSL,Yes,75.76,3182.88,Bank Transfer,Yes,9,1,Yes,No,No,47.50567164179105,False,0.4344984184291891
566,Female,37,44,2-Year,DSL,Yes,83.12,4670.66,UPI,Yes,3,5,No,Yes,No,106.15136363636363,False,0.2714635148431096
567,Female,39,58,Monthly,Fiber,Yes,56.13,7299.6,UPI,Yes,3,5,No,No,No,125.85517241379311,True,0.5845192289151101
568,Female,45,3,Monthly,DSL,Yes,87.12,4477.38,UPI,Yes,7,4,Yes,Yes,Yes,1492.46,True,0.802838180449771
569,Male,57,70,Monthly,DSL,No,55.18,1478.54,Bank Transfer,No,1,3,Yes,Yes,No,21.122,False,0.3607686853463605
570,Male,66,2,Monthly,Fiber,Yes,65.51,3091.76,UPI,Yes,3,3,Yes,Yes,No,1545.88,True,0.6946112449049003
571,Female,24,44,Monthly,Fiber,Yes,10.81,6760.84,Card,Yes,1,1,Yes,Yes,Yes,153.65545454545455,False,0.40026114313626177
572,Male,18,2,Monthly,DSL,Yes,86.09,5189.28,Card,No,0,2,No,No,Yes,2594.64,True,0.8951469688762906
575,Male,47,8,Monthly,Fiber,Yes,50.51,7162.39,UPI,Yes,7,2,Yes,Yes,No,895.29875,True,0.5169679109187852
576,Female,40,22,Monthly,Fiber,Yes,117.69,7366.36,Bank Transfer,No,5,1,No,No,Yes,334.83454545454543,True,0.8506767577910107
578,Female,36,58,Monthly,DSL,Yes,65.21,4398.6,Card,Yes,1,5,No,No,Yes,75.83793103448276,True,0.6467270386492808
583,Female,62,55,Monthly,Fiber,Yes,105.08,6399.62,UPI,Yes,5,3,Yes,No,Yes,116.35672727272727,True,0.7272812606788788
584,Female,46,62,Yearly,Fiber,Yes,60.26,5788.88,UPI,No,4,3,No,No,No,93.36903225806452,False,0.07852026350703979
585,Female,47,30,Monthly,DSL,No,62.26,780.47,UPI,Yes,8,3,No,No,No,26.015666666666668,True,0.5982269429872853
586,Male,33,55,Yearly,DSL,Yes,52.47,3764.1,Bank Transfer,Yes,7,1,Yes,Yes,No,68.43818181818182,False,0.03466261798855808
587,Female,57,16,Monthly,DSL,Yes,116.34,1474.42,Bank Transfer,No,1,3,Yes,No,Yes,92.15125,True,0.885471545813495
588,Male,36,12,Monthly,DSL,Yes,86.69,2766.07,Bank Transfer,Yes,6,4,Yes,Yes,Yes,230.50583333333336,True,0.6651107456656676
590,Male,18,16,Monthly,Fiber,Yes,104.93,3262.61,Card,Yes,0,3,No,Yes,Yes,203.913125,True,0.8146366320008245
591,Male,31,12,Monthly,Fiber,Yes,62.86,4444.03,Card,Yes,0,5,No,No,Yes,370.3358333333333,True,0.7567220945409304
592,Female,68,8,Monthly,DSL,No,17.56,4994.7,Card,Yes,3,2,No,No,Yes,624.3375,True,0.587723807564592
593,Male,64,3,Monthly,DSL,Yes,70.47,5341.57,UPI,Yes,4,2,Yes,No,Yes,1780.5233333333333,True,0.7648880046877493
596,Female,45,23,Monthly,DSL,Yes,32.44,1051.81,Card,Yes,2,2,Yes,No,No,45.73086956521739,True,0.5895179320101563
597,Male,66,5,Monthly,Fiber,No,100.91,6827.14,UPI,Yes,6,3,No,No,Yes,1365.428,True,0.8311193052173117
598,Male,67,65,2-Year,Fiber,Yes,71.35,1337.24,Card,No,7,5,No,Yes,No,20.572923076923075,False,0.06381049241110308
599,Female,47,30,Yearly,Fiber,Yes,16.01,7800.6,Card,Yes,5,3,No,No,No,260.02000000000004,False,0.06177576527439103
600,Female,55,21,Yearly,DSL,Yes,116.9,6756.05,UPI,Yes,5,5,No,Yes,No,321.7166666666667,False,0.26192905143031026
601,Male,68,70,Monthly,Fiber,Yes,66.39,4056.93,Bank Transfer,No,7,2,Yes,Yes,No,57.95614285714286,False,0.24521637775936414
604,Female,25,33,Monthly,DSL,Yes,104.36,2494.22,Card,No,5,3,No,Yes,Yes,75.58242424242424,True,0.7141679216730166
606,Male,56,38,Yearly,DSL,Yes,31.19,2865.05,Bank Transfer,Yes,9,2,No,No,No,75.39605263157895,False,0.029086149037287855
607,Male,20,14,Monthly,Fiber,No,24.2,7434.14,Bank Transfer,No,5,2,No,Yes,Yes,531.01,False,0.43837830450368814
608,Female,49,36,2-Year,Fiber,Yes,42.76,618.45,Bank Transfer,No,7,4,Yes,Yes,No,17.179166666666667,False,0.10763066414583893
609,Female,27,23,Monthly,Fiber,Yes,95.81,4440.35,Bank Transfer,Yes,0,2,Yes,Yes,Yes,193.05869565217392,True,0.8393843528170478
611,Male,36,2,Monthly,DSL,Yes,35.02,5256.55,Card,Yes,2,3,Yes,No,Yes,2628.275,True,0.7527319463784542
612,Female,63,65,2-Year,Fiber,Yes,28.28,2119.76,Bank Transfer,Yes,7,1,No,No,No,32.61169230769231,False,0.06498266084702202
613,Female,51,67,Monthly,DSL,Yes,46.6,2980.07,Card,Yes,5,5,Yes,Yes,No,44.478656716417916,False,0.34417442238410245
614,Female,50,52,2-Year,Fiber,Yes,113.39,6765.08,Bank Transfer,Yes,1,5,Yes,Yes,Yes,130.0976923076923,False,0.4260485971181831
617,Male,49,26,Monthly,DSL,Yes,63.38,4544.98,Bank Transfer,Yes,4,1,Yes,No,No,174.80692307692306,True,0.5889289190388087
620,Male,46,6,2-Year,DSL,Yes,60.64,1739.34,UPI,Yes,0,5,No,Yes,Yes,289.89,False,0.27051825424335624
621,Female,25,35,2-Year,Fiber,Yes,88.06,4593.62,Card,Yes,8,2,No,No,No,131.2462857142857,False,0.2985147278848336
623,Male,20,43,Monthly,DSL,Yes,15.52,3513.72,UPI,Yes,1,5,No,Yes,No,81.71441860465116,False,0.32596641598761683
628,Female,54,42,Monthly,DSL,Yes,14.33,7618.45,UPI,Yes,1,5,No,No,Yes,181.39166666666665,False,0.46386595281509707
629,Male,20,38,2-Year,DSL,No,12.4,2625.79,Bank Transfer,Yes,4,1,No,No,No,69.09973684210526,False,0.09886035135267521
630,Male,68,45,Yearly,DSL,Yes,95.19,6957.98,Bank Transfer,Yes,2,2,No,Yes,No,154.62177777777777,False,0.10140237623554316
634,Male,25,6,2-Year,DSL,Yes,57.12,5824.01,Bank Transfer,No,4,1,No,No,No,970.6683333333334,False,0.2848631551617819
636,Female,52,7,Monthly,Fiber,Yes,96.19,6285.1,Bank Transfer,Yes,4,2,Yes,Yes,Yes,897.8714285714286,True,0.8287010392619385
638,Male,41,14,Yearly,Fiber,Yes,93.81,3933.61,Card,Yes,5,4,Yes,No,No,280.97214285714284,False,0.21533642133231867
640,Female,49,21,Monthly,DSL,Yes,57.61,3120.67,Card,Yes,0,1,Yes,No,No,148.60333333333332,True,0.7342382705611492
642,Female,60,66,Yearly,Fiber,Yes,62.47,3071.9,Bank Transfer,Yes,7,5,No,No,No,46.5439393939394,False,0.06231245355561501
643,Female,33,2,2-Year,Fiber,Yes,52.81,3001.99,UPI,Yes,7,3,Yes,Yes,Yes,1500.995,False,0.30312457170224033
645,Female,69,20,Monthly,Fiber,Yes,108.33,6489.52,UPI,Yes,4,5,Yes,Yes,Yes,324.476,True,0.8019089146036193
646,Male,54,10,Monthly,Fiber,Yes,46.94,2957.97,Bank Transfer,No,2,3,No,No,No,295.79699999999997,True,0.5886433558392494
647,Male,38,25,2-Year,DSL,No,77.66,4241.61,Card,No,8,5,Yes,No,No,169.6644,False,0.2380599675398622
651,Male,35,33,Yearly,Fiber,Yes,59.81,7473.96,UPI,Yes,7,4,No,No,No,226.48363636363638,False,0.0811892945383139
654,Male,24,65,Monthly,DSL,Yes,25.71,5216.99,Card,No,7,3,Yes,No,Yes,80.26138461538461,False,0.23070273245617345
655,Female,50,54,Monthly,DSL,Yes,73.78,331.47,Bank Transfer,No,2,4,Yes,Yes,Yes,6.138333333333334,True,0.5522543697933552
656,Male,40,52,Monthly,DSL,Yes,41.08,4983.01,UPI,No,6,2,Yes,Yes,No,95.82711538461538,False,0.2528409478939235
657,Male,38,3,Yearly,Fiber,No,40.69,4125.12,Card,Yes,1,5,No,Yes,No,1375.04,False,0.15491692006019708
659,Female,65,6,2-Year,DSL,Yes,119.87,2939.45,Card,Yes,1,4,Yes,Yes,No,489.9083333333333,True,0.595739438256252
660,Female,36,25,Yearly,DSL,Yes,16.05,743.64,Bank Transfer,Yes,4,1,Yes,Yes,No,29.7456,False,0.05066265347108494
661,Female,53,13,Yearly,DSL,No,73.64,1627.38,Card,Yes,6,4,Yes,No,No,125.18307692307692,False,0.20679119760521442
665,Male,18,25,Monthly,Fiber,Yes,66.15,516.41,Bank Transfer,No,9,2,No,Yes,No,20.656399999999998,False,0.4053890903768101
666,Male,64,68,2-Year,Fiber,Yes,38.47,396.77,Card,No,8,2,Yes,No,No,5.834852941176471,False,0.0427840531006059
667,Female,22,45,Monthly,DSL,Yes,44.81,5765.73,UPI,Yes,0,2,No,Yes,No,128.12733333333333,True,0.5489203570870735
669,Male,28,12,2-Year,DSL,Yes,43.35,4118.78,Card,Yes,9,1,No,No,No,343.2316666666666,False,0.13377566965975776
673,Female,40,20,Monthly,Fiber,No,72.79,1600.48,UPI,Yes,8,3,Yes,Yes,Yes,80.024,True,0.6399794233434444
674,Female,29,18,Monthly,Fiber,Yes,110.06,3739.63,Bank Transfer,Yes,3,5,No,Yes,Yes,207.75722222222223,True,0.8452786681165427
676,Male,22,63,Yearly,DSL,Yes,99.18,2054.96,Card,Yes,3,5,Yes,Yes,No,32.6184126984127,False,0.10581835933781038
679,Female,47,43,Monthly,DSL,Yes,27.76,6613.68,UPI,Yes,6,3,No,Yes,Yes,153.80651162790699,False,0.31977244837577906
681,Female,51,60,Yearly,DSL,Yes,69.13,677.37,Bank Transfer,Yes,8,4,Yes,No,No,11.2895,False,0.07326186043766812
682,Male,61,23,Monthly,Fiber,Yes,11.56,2261.96,UPI,Yes,8,3,Yes,Yes,No,98.34608695652175,False,0.20667519535678472
683,Male,52,31,2-Year,Fiber,Yes,38.34,7842.04,Bank Transfer,No,7,3,Yes,No,No,252.96903225806452,False,0.10741111892405478
684,Female,69,5,Yearly,DSL,Yes,59.49,4810.44,Card,Yes,0,1,No,No,No,962.088,False,0.23300568515684983
685,Male,39,34,Yearly,Fiber,Yes,86.22,5706.92,UPI,Yes,6,1,Yes,No,No,167.8505882352941,False,0.126262770076468
686,Female,61,10,2-Year,Fiber,Yes,90.65,158.13,Bank Transfer,Yes,4,5,No,Yes,Yes,15.812999999999999,False,0.35613139286959533
687,Female,41,2,Monthly,DSL,Yes,119.5,4193.83,Bank Transfer,No,6,4,No,No,Yes,2096.915,True,0.9187094824684298
688,Male,34,11,Yearly,Fiber,Yes,41.63,396.48,UPI,Yes,8,4,No,No,No,36.04363636363637,False,0.06776552258896425
691,Female,63,56,Monthly,DSL,Yes,54.62,7750.51,Bank Transfer,Yes,3,5,Yes,No,Yes,138.40196428571429,True,0.5566808090416604
692,Female,40,9,Yearly,Fiber,Yes,28.61,4370.37,Card,No,1,4,No,No,No,485.59666666666664,False,0.13867527632288093
695,Female,67,62,Monthly,Fiber,Yes,64.82,5421.52,UPI,Yes,8,5,Yes,No,Yes,87.44387096774194,False,0.4545596179255881
696,Female,68,7,Yearly,Fiber,Yes,76.36,612.7,Card,No,5,2,Yes,No,Yes,87.52857142857144,False,0.17376122100525324
699,Female,26,4,Monthly,DSL,Yes,86.45,3811.45,Card,No,1,2,No,Yes,Yes,952.8625,True,0.8276529752723423
700,Male,57,40,Monthly,DSL,Yes,66.67,3698.18,Card,Yes,6,5,No,Yes,No,92.4545,False,0.3853834042040566
702,Female,62,52,Monthly,DSL,Yes,77.25,2918.49,Card,Yes,7,5,No,No,Yes,56.12480769230769,True,0.5376788290563347
705,Male,26,38,Monthly,DSL,Yes,28.75,6658.6,Card,Yes,7,4,Yes,Yes,No,175.2263157894737,False,0.28728589391152715
706,Male,39,50,Monthly,DSL,Yes,52.3,5345.7,Card,No,0,4,No,No,Yes,106.914,False,0.4969840701227176
707,Female,60,63,Monthly,Fiber,Yes,48.17,2773.11,Card,Yes,8,1,Yes,No,No,44.01761904761905,False,0.3421963305401763
708,Female,63,63,Monthly,Fiber,Yes,57.5,7490.63,Bank Transfer,Yes,0,3,Yes,No,No,118.89888888888889,True,0.5970754211044337
709,Female,21,62,Monthly,Fiber,Yes,96.0,7306.44,Bank Transfer,Yes,2,4,Yes,Yes,No,117.8458064516129,True,0.715351707561899
711,Male,46,27,Monthly,DSL,Yes,97.34,411.4,Card,No,4,5,No,No,Yes,15.237037037037036,True,0.6811791267753653
713,Male,51,71,Monthly,DSL,Yes,47.63,6638.12,UPI,Yes,8,2,No,Yes,No,93.49464788732394,False,0.18064370026517182
715,Female,54,55,Yearly,Fiber,Yes,36.21,7129.71,UPI,Yes,0,5,Yes,Yes,No,129.63109090909091,False,0.06866644630680717
716,Female,28,2,Monthly,Fiber,Yes,34.68,4844.22,Bank Transfer,No,9,2,Yes,Yes,Yes,2422.11,True,0.610718776872165
717,Male,23,62,2-Year,Fiber,Yes,65.5,4287.41,Bank Transfer,No,6,4,No,Yes,No,69.15177419354839,False,0.08853152575813893
719,Female,38,21,Monthly,DSL,Yes,11.0,2048.59,UPI,Yes,8,2,Yes,Yes,No,97.55190476190477,False,0.30176181640410144
720,Female,59,10,Yearly,DSL,No,81.31,3730.96,Card,No,6,4,No,No,Yes,373.096,False,0.2089025892541459
721,Female,53,58,Yearly,Fiber,Yes,66.22,5065.18,Bank Transfer,Yes,3,4,No,Yes,No,87.33068965517242,False,0.07696343159230272
722,Male,58,39,Monthly,Fiber,No,59.01,4502.29,Bank Transfer,Yes,6,4,Yes,Yes,Yes,115.44333333333333,False,0.43370680768306435
723,Female,55,5,Monthly,Fiber,Yes,116.37,5966.82,UPI,No,1,3,No,No,Yes,1193.364,True,0.9188109201892912
724,Male,51,65,Monthly,Fiber,Yes,72.83,2310.16,UPI,Yes,5,3,No,Yes,No,35.54092307692307,False,0.3382820636312798
725,Male,34,13,2-Year,DSL,Yes,104.98,4563.13,Bank Transfer,No,5,4,No,Yes,No,351.01,False,0.32221579469902806
730,Female,40,60,Monthly,Fiber,No,88.98,7926.08,Card,Yes,7,5,Yes,No,Yes,132.10133333333334,True,0.6815920406335985
731,Male,59,11,Yearly,Fiber,Yes,50.92,2295.34,Card,No,7,1,Yes,No,No,208.66727272727275,False,0.06786812641207485
732,Male,39,63,Monthly,Fiber,Yes,20.17,4035.7,UPI,Yes,0,3,No,No,Yes,64.05873015873016,False,0.3267446921188654
734,Female,44,52,Monthly,Fiber,Yes,53.39,3580.76,UPI,Yes,3,4,Yes,No,Yes,68.86076923076924,True,0.5752197545990786
735,Female,48,55,Monthly,Fiber,Yes,105.38,6869.91,Bank Transfer,Yes,8,4,No,Yes,Yes,124.90745454545454,True,0.5956502333161978
736,Male,23,26,Yearly,DSL,Yes,36.84,5505.25,UPI,Yes,2,1,No,No,No,211.7403846153846,False,0.0833910062404626
737,Female,44,68,Yearly,DSL,Yes,116.34,7071.29,Bank Transfer,Yes,5,5,No,No,Yes,103.9895588235294,False,0.18851432179120542
738,Male,57,34,Monthly,Fiber,Yes,115.4,1707.74,UPI,Yes,6,2,Yes,No,Yes,50.22764705882353,True,0.7122721387182162
739,Male,51,52,Yearly,DSL,Yes,37.24,6999.55,Card,No,7,5,No,Yes,No,134.60673076923078,False,0.021536085384262795
740,Female,29,52,Monthly,DSL,No,48.29,572.12,Card,Yes,6,1,No,No,No,11.002307692307692,False,0.48322073555759126
741,Male,62,29,Yearly,Fiber,Yes,108.51,7119.93,Bank Transfer,No,2,4,No,No,Yes,245.5148275862069,False,0.21365948969103962
742,Female,24,38,Yearly,Fiber,No,116.33,2699.68,Card,Yes,5,5,Yes,No,Yes,71.04421052631578,False,0.347960388254847
743,Female,27,42,2-Year,Fiber,Yes,58.78,2585.24,Bank Transfer,Yes,4,2,No,Yes,No,61.55333333333333,False,0.1743464873051407
744,Male,62,21,Yearly,Fiber,Yes,45.31,4145.5,Bank Transfer,Yes,9,4,No,No,No,197.4047619047619,False,0.05152585832985305
747,Male,38,64,2-Year,Fiber,Yes,40.08,2882.62,Card,Yes,6,2,Yes,Yes,No,45.0409375,False,0.05273054950152095
748,Male,45,17,Monthly,DSL,Yes,91.01,6866.92,UPI,Yes,7,4,Yes,Yes,No,403.9364705882353,True,0.6308960468422296
749,Male,63,9,2-Year,Fiber,Yes,15.68,3228.83,UPI,No,1,3,No,No,No,358.75888888888886,False,0.13153775184950253
750,Female,19,41,Monthly,Fiber,Yes,15.42,1673.34,Card,Yes,6,4,Yes,Yes,No,40.81317073170732,False,0.3257074125889985
751,Female,60,1,Yearly,DSL,Yes,52.49,3455.87,Card,No,5,4,No,Yes,No,3455.87,False,0.19301973499062341
753,Female,68,60,2-Year,Fiber,Yes,44.72,7331.79,Card,Yes,3,2,No,Yes,No,122.1965,False,0.09126722178000678
754,Female,53,48,Monthly,Fiber,Yes,64.01,6119.28,UPI,Yes,1,1,No,Yes,Yes,127.485,True,0.5449757816023372
757,Female,46,58,Monthly,DSL,No,44.04,3775.69,UPI,Yes,4,1,No,Yes,Yes,65.09810344827586,False,0.38431905829860397
761,Female,28,34,Monthly,DSL,Yes,73.42,1339.53,Card,Yes,5,1,No,No,Yes,39.39794117647059,True,0.6504057001675841
764,Female,56,49,Monthly,DSL,Yes,84.94,2219.47,UPI,No,4,2,No,Yes,Yes,45.29530612244898,True,0.5226250681208899
767,Male,51,45,Monthly,DSL,Yes,19.74,7536.1,Bank Transfer,No,0,5,No,No,No,167.4688888888889,False,0.37193918345900395
768,Female,64,69,2-Year,Fiber,Yes,84.46,7064.92,Bank Transfer,Yes,4,4,No,Yes,No,102.39014492753623,False,0.1594797066698452
769,Female,41,32,2-Year,DSL,No,17.05,4170.02,UPI,Yes,8,3,Yes,Yes,No,130.313125,False,0.08625312007978539
773,Male,53,43,Monthly,DSL,Yes,102.58,1006.46,Card,Yes,6,2,No,No,No,23.406046511627906,True,0.5914671051020258
776,Male,36,24,Monthly,DSL,No,60.64,2224.01,Card,Yes,0,3,No,No,Yes,92.66708333333334,True,0.6876021689597189
777,Male,52,24,2-Year,Fiber,Yes,33.93,266.19,Card,No,5,3,Yes,Yes,No,11.09125,False,0.0772882932996022
778,Female,69,17,Monthly,Fiber,Yes,24.72,5810.43,UPI,No,3,2,No,Yes,No,341.79,False,0.40790902362424536
780,Male,34,20,Yearly,DSL,Yes,17.99,4802.69,UPI,Yes,8,5,No,No,No,240.13449999999997,False,0.041025856599417605
782,Male,60,58,2-Year,DSL,Yes,48.26,7753.64,Bank Transfer,Yes,5,3,No,No,No,133.68344827586208,False,0.08832901332696966
783,Female,51,31,Monthly,DSL,Yes,78.23,3925.28,UPI,Yes,6,4,No,No,No,126.62193548387097,True,0.6615526614726087
784,Female,26,11,Monthly,Fiber,Yes,69.93,602.45,Card,Yes,7,1,No,Yes,No,54.76818181818182,True,0.608545722121365
785,Female,43,52,Yearly,Fiber,Yes,23.82,4458.33,UPI,No,8,5,No,Yes,No,85.73711538461538,False,0.024378302667705586
786,Male,19,15,Monthly,DSL,Yes,41.87,6744.66,Bank Transfer,No,8,4,No,No,No,449.644,False,0.47860910097129394
788,Female,26,28,Monthly,Fiber,Yes,33.49,3499.71,Bank Transfer,Yes,9,2,No,No,No,124.98964285714285,False,0.4456335086033912
790,Male,34,58,2-Year,Fiber,No,87.44,7262.56,UPI,Yes,1,5,No,No,No,125.21655172413794,False,0.305204494398361
791,Female,18,5,Monthly,Fiber,Yes,33.92,1610.81,UPI,Yes,4,1,No,Yes,Yes,322.162,True,0.5707600507467331
793,Male,60,8,Monthly,Fiber,Yes,53.0,3305.14,Card,No,2,2,Yes,Yes,No,413.1425,True,0.5257015394100638
794,Female,57,64,2-Year,Fiber,Yes,117.41,424.55,Card,Yes,0,4,Yes,Yes,Yes,6.63359375,False,0.34980001516056314
796,Male,42,38,Monthly,Fiber,Yes,98.02,2195.31,Bank Transfer,Yes,3,4,Yes,Yes,No,57.77131578947368,True,0.6486126819357894
797,Male,56,8,Monthly,Fiber,Yes,36.58,5520.12,UPI,Yes,6,5,No,Yes,Yes,690.015,False,0.4236384507870716
798,Male,52,25,Monthly,Fiber,No,17.48,7595.44,Card,Yes,4,3,No,No,No,303.81759999999997,False,0.4094047161289545
800,Male,67,50,Yearly,DSL,Yes,39.35,6510.58,UPI,Yes,0,1,No,No,No,130.2116,False,0.05206357615876311
802,Female,61,49,Yearly,DSL,Yes,95.55,4351.16,Bank Transfer,Yes,3,1,Yes,Yes,No,88.79918367346939,False,0.1282019331494989
803,Male,61,36,Monthly,Fiber,Yes,104.42,657.35,Bank Transfer,Yes,9,4,Yes,Yes,Yes,18.259722222222223,True,0.5179379646508626
804,Male,68,68,2-Year,DSL,No,102.94,7478.86,Bank Transfer,No,4,5,No,Yes,Yes,109.98323529411765,False,0.15801248101556256
807,Female,51,10,2-Year,Fiber,No,44.41,6608.78,Bank Transfer,No,8,1,No,No,Yes,660.8779999999999,False,0.22023003449305728
808,Male,29,21,Yearly,DSL,Yes,16.7,5215.41,Bank Transfer,Yes,1,4,No,Yes,No,248.35285714285715,False,0.05251623045287554
809,Female,36,36,Monthly,Fiber,Yes,87.17,7754.66,Card,No,5,4,No,Yes,No,215.40722222222223,True,0.6349864522365656
810,Male,54,12,Monthly,Fiber,Yes,11.08,5740.27,Card,Yes,0,1,No,No,No,478.35583333333335,False,0.46117417441477554
812,Male,66,13,Yearly,DSL,Yes,46.23,4185.34,Bank Transfer,Yes,8,1,No,No,No,321.9492307692308,False,0.05594180162380158
813,Male,34,53,2-Year,DSL,Yes,86.27,1024.81,Card,Yes,3,5,No,No,No,19.336037735849054,False,0.21762670882096757
814,Female,27,32,Yearly,DSL,Yes,94.29,4272.6,Bank Transfer,No,8,3,No,Yes,No,133.51875,False,0.11886608201523055
815,Female,66,16,2-Year,DSL,Yes,43.45,1102.3,Card,Yes,4,4,Yes,No,No,68.89375,False,0.2131020316607267
816,Male,64,32,Yearly,Fiber,Yes,99.28,4780.7,Card,Yes,6,1,Yes,Yes,No,149.396875,False,0.09413787712837077
817,Male,29,32,Yearly,Fiber,Yes,42.33,3911.7,Card,Yes,0,1,Yes,No,No,122.240625,False,0.09804746539461187
819,Female,41,10,Monthly,Fiber,Yes,89.97,179.37,UPI,Yes,7,2,Yes,No,Yes,17.937,True,0.7685979193898815
820,Male,36,15,Monthly,Fiber,Yes,86.22,1639.24,Bank Transfer,Yes,0,1,Yes,No,Yes,109.28266666666667,True,0.7912086918607526
824,Male,34,55,Monthly,Fiber,Yes,77.07,3452.54,Bank Transfer,No,0,3,Yes,Yes,Yes,62.77345454545455,True,0.5321620669929726
825,Female,40,25,Monthly,Fiber,Yes,110.66,5746.1,Bank Transfer,Yes,5,2,No,No,Yes,229.84400000000002,True,0.8278769033225458
829,Male,25,44,Monthly,Fiber,Yes,40.21,1819.83,Bank Transfer,Yes,6,3,No,No,No,41.35977272727273,False,0.3755610427152097
830,Female,42,32,2-Year,Fiber,Yes,62.19,7731.57,Card,No,9,1,No,No,No,241.6115625,False,0.1611768380222808
831,Male,35,51,Monthly,DSL,Yes,46.72,1132.01,UPI,No,2,4,Yes,No,Yes,22.19627450980392,False,0.4313893212496027
832,Male,42,46,2-Year,Fiber,Yes,73.72,3037.51,Bank Transfer,Yes,2,2,No,No,No,66.03282608695653,False,0.2061626924334934
833,Male,29,21,Monthly,Fiber,Yes,107.79,304.13,UPI,No,2,3,Yes,No,No,14.482380952380952,True,0.8010682709140382
834,Female,32,32,2-Year,Fiber,Yes,72.62,1852.06,Card,Yes,6,2,Yes,No,No,57.876875,False,0.2701961514803998
836,Female,58,12,Monthly,Fiber,Yes,67.06,1689.28,UPI,No,3,4,Yes,Yes,No,140.77333333333334,True,0.6502609129308732
838,Male,43,18,Monthly,DSL,Yes,35.61,3848.18,Bank Transfer,Yes,9,3,Yes,No,No,213.78777777777776,False,0.39076187108285787
839,Female,64,21,Yearly,DSL,Yes,64.12,178.76,UPI,Yes,8,2,No,No,No,8.512380952380951,False,0.08905737509712411
843,Male,24,46,Monthly,Fiber,Yes,45.51,7329.6,Bank Transfer,Yes,5,5,Yes,Yes,Yes,159.33913043478262,False,0.3867887474270547
844,Male,34,7,Monthly,DSL,Yes,38.39,6850.67,Bank Transfer,Yes,6,2,No,Yes,Yes,978.6671428571428,False,0.4651942665758743
846,Male,43,22,2-Year,Fiber,Yes,24.66,513.43,Bank Transfer,Yes,1,3,Yes,No,No,23.33772727272727,False,0.15317203474117005
847,Female,38,22,Monthly,DSL,Yes,112.05,6284.5,Card,No,3,5,No,Yes,Yes,285.65909090909093,True,0.8017740903021083
848,Female,39,29,Monthly,Fiber,Yes,105.45,6779.54,UPI,No,9,4,No,No,Yes,233.77724137931034,True,0.7288379093548795
849,Male,24,13,Monthly,DSL,Yes,87.84,6412.75,Bank Transfer,Yes,9,3,Yes,No,Yes,493.28846153846155,True,0.6981591214899326
850,Female,31,2,Yearly,Fiber,Yes,21.68,4116.98,UPI,Yes,5,2,No,No,No,2058.49,False,0.14968450061729283
851,Male,32,29,2-Year,DSL,Yes,95.35,1939.92,Card,Yes,2,2,No,Yes,No,66.89379310344827,False,0.2591007175199625
852,Female,24,52,2-Year,DSL,Yes,98.88,6778.11,Card,Yes,8,4,Yes,Yes,No,130.34826923076923,False,0.2291886001317534
853,Male,26,27,2-Year,Fiber,No,94.45,5844.59,UPI,Yes,3,1,Yes,No,Yes,216.4662962962963,False,0.41224492841935334
855,Male,65,23,Yearly,DSL,Yes,80.83,1329.97,Card,Yes,1,2,No,Yes,No,57.82478260869566,False,0.10049996459457243
857,Male,67,22,Monthly,Fiber,Yes,73.51,1773.21,Card,Yes,0,1,No,No,Yes,80.60045454545455,True,0.6465639583742884
863,Female,69,63,Yearly,DSL,No,18.96,6698.43,Card,Yes,5,1,No,Yes,No,106.32428571428572,False,0.02259049175027336
864,Female,56,19,Monthly,DSL,Yes,57.85,2986.4,UPI,No,1,1,No,Yes,No,157.17894736842106,True,0.5771721891012156
865,Female,52,23,Monthly,DSL,Yes,42.19,6748.76,Bank Transfer,Yes,1,3,Yes,No,No,293.42434782608694,True,0.6668808586734392
866,Male,35,29,Monthly,Fiber,Yes,70.0,4481.5,Bank Transfer,Yes,8,2,Yes,No,Yes,154.5344827586207,True,0.5375297385598389
868,Female,56,39,Monthly,DSL,Yes,86.08,7416.92,Bank Transfer,Yes,5,2,No,No,Yes,190.1774358974359,True,0.6742471883141256
869,Male,34,25,Monthly,Fiber,Yes,97.45,171.88,Card,Yes,9,5,No,Yes,No,6.8751999999999995,True,0.541597911819544
870,Female,31,8,2-Year,DSL,Yes,27.97,695.76,Bank Transfer,Yes,4,4,No,No,Yes,86.97,False,0.217184899125863
871,Male,48,58,Yearly,DSL,Yes,21.47,2077.83,Card,Yes,3,4,Yes,No,No,35.82465517241379,False,0.03123706082601604
873,Female,52,1,Yearly,Fiber,Yes,106.48,7117.35,UPI,Yes,1,5,Yes,Yes,Yes,7117.35,True,0.7643565196181572
876,Male,51,65,Monthly,DSL,Yes,21.74,1589.15,Card,Yes,6,3,No,No,Yes,24.44846153846154,False,0.1842672570560189
878,Female,54,64,Monthly,Fiber,Yes,105.48,7741.89,Card,Yes,5,2,No,No,Yes,120.96703125,True,0.6598492974138997
882,Female,40,27,Yearly,DSL,Yes,22.36,4517.18,Card,Yes,4,5,No,Yes,No,167.30296296296297,False,0.052473955907754145
883,Male,61,66,Monthly,Fiber,Yes,15.42,4071.99,Bank Transfer,Yes,1,4,Yes,Yes,No,61.69681818181818,False,0.20501927022700434
884,Female,56,41,Monthly,DSL,Yes,38.32,1241.05,Bank Transfer,Yes,5,5,Yes,Yes,No,30.26951219512195,False,0.38386789362771756
885,Female,32,13,2-Year,DSL,Yes,24.92,3592.32,Bank Transfer,Yes,6,2,Yes,No,No,276.3323076923077,False,0.18152870826500425
886,Male,66,9,Monthly,DSL,No,38.61,2739.43,Bank Transfer,Yes,6,5,No,No,Yes,304.38111111111107,True,0.503362344265694
887,Male,21,36,Monthly,DSL,Yes,52.36,4222.46,Card,Yes,2,5,No,No,No,117.29055555555556,True,0.5581415996815856
888,Female,46,58,Yearly,DSL,Yes,113.73,4726.67,UPI,No,6,5,No,Yes,No,81.49431034482758,False,0.1174222348966958
889,Female,39,54,Monthly,Fiber,No,77.14,167.12,UPI,Yes,4,1,No,Yes,No,3.0948148148148147,True,0.5496967628319768
891,Male,30,14,Yearly,DSL,Yes,88.14,5732.81,UPI,Yes,7,1,No,Yes,No,409.4864285714286,False,0.11033243819295012
892,Male,35,34,Monthly,DSL,Yes,22.38,2993.66,Bank Transfer,Yes,6,4,Yes,No,No,88.04882352941176,False,0.341082607954548
893,Male,50,53,Yearly,Fiber,Yes,90.95,518.19,Card,Yes,5,2,No,Yes,Yes,9.777169811320755,False,0.060452866096648995
894,Male,33,20,Monthly,Fiber,No,40.26,6063.97,Card,Yes,1,1,No,Yes,No,303.1985,True,0.5193600367878697
896,Female,59,70,Monthly,Fiber,Yes,47.51,1997.2,Bank Transfer,No,8,5,No,Yes,No,28.531428571428574,False,0.22695182526876836
898,Female,19,58,2-Year,DSL,No,38.99,1552.12,Bank Transfer,Yes,0,5,Yes,No,No,26.760689655172413,False,0.2373136646526363
899,Male,52,4,Monthly,DSL,Yes,40.7,4657.8,Card,Yes,4,3,Yes,No,No,1164.45,True,0.6065252188973106
901,Male,51,20,Monthly,Fiber,No,12.71,2913.93,Bank Transfer,Yes,2,2,Yes,No,No,145.6965,False,0.4498821811313137
903,Female,30,24,Monthly,Fiber,Yes,89.79,4524.92,UPI,Yes,6,1,No,Yes,Yes,188.53833333333333,True,0.6719742021716514
904,Male,30,26,Monthly,DSL,Yes,102.0,3153.05,UPI,Yes,1,3,Yes,No,No,121.27115384615385,True,0.8004887471601938
905,Male,35,37,Yearly,Fiber,No,117.19,3419.97,UPI,Yes,6,2,No,Yes,Yes,92.43162162162162,False,0.15127248069281563
908,Male,52,38,Monthly,DSL,Yes,100.4,720.23,Card,Yes,6,1,No,Yes,No,18.95342105263158,False,0.49624810575177786
909,Male,56,46,Monthly,Fiber,Yes,81.09,7061.94,UPI,No,5,4,No,Yes,Yes,153.52043478260867,False,0.424809512344427
910,Female,63,4,2-Year,Fiber,Yes,81.21,715.24,Card,Yes,1,2,Yes,Yes,Yes,178.81,False,0.3768062306342494
911,Male,69,60,Monthly,Fiber,Yes,24.12,5683.75,Card,Yes,2,3,Yes,Yes,No,94.72916666666667,False,0.2132111166044453
912,Male,46,57,Monthly,DSL,Yes,81.52,7368.3,UPI,Yes,0,1,Yes,Yes,Yes,129.2684210526316,True,0.5264227691184814
913,Male,66,45,Monthly,Fiber,Yes,118.07,2238.4,Card,No,9,2,Yes,Yes,No,49.742222222222225,False,0.47711708036722733
915,Female,61,17,Yearly,Fiber,Yes,58.3,4594.48,Card,Yes,8,2,Yes,No,No,270.2635294117647,False,0.10337652992185715
916,Female,33,71,Monthly,DSL,No,14.39,7065.5,UPI,Yes,5,5,Yes,No,No,99.51408450704226,False,0.33569192628242495
917,Female,61,4,Yearly,Fiber,Yes,49.85,7541.05,Bank Transfer,No,4,3,Yes,Yes,No,1885.2625,False,0.15437667774869596
918,Female,64,14,Yearly,Fiber,Yes,100.9,5942.55,Bank Transfer,Yes,2,5,No,Yes,No,424.46785714285716,False,0.2598735191291355
920,Female,47,58,Yearly,Fiber,Yes,60.53,5386.32,Card,Yes,7,4,No,No,No,92.86758620689655,False,0.06477760326948427
923,Male,37,24,Monthly,DSL,Yes,61.59,488.27,UPI,Yes,5,2,Yes,No,No,20.344583333333333,True,0.542558141326283
926,Male,47,19,Monthly,DSL,Yes,44.28,3686.27,Bank Transfer,No,7,2,No,Yes,Yes,194.0142105263158,False,0.31697291873919925
928,Female,20,60,Yearly,DSL,Yes,17.27,3133.75,Card,No,8,5,Yes,No,No,52.229166666666664,False,0.030113182875085253
929,Female,62,60,Monthly,Fiber,Yes,116.98,6849.76,Card,Yes,3,2,No,No,Yes,114.16266666666667,True,0.7383380938811929
930,Male,31,19,Monthly,DSL,Yes,49.61,6017.09,UPI,Yes,8,5,Yes,No,Yes,316.68894736842105,True,0.5062685193927579
932,Female,67,63,Monthly,DSL,Yes,49.08,1028.26,UPI,No,5,2,Yes,No,No,16.3215873015873,False,0.3518841911462276
934,Male,35,24,Monthly,Fiber,Yes,82.85,7373.98,UPI,No,1,1,No,No,Yes,307.24916666666667,True,0.7068911983363817
935,Female,54,30,Monthly,DSL,Yes,88.69,4694.55,UPI,Yes,7,5,Yes,No,Yes,156.485,True,0.7022941420273674
936,Male,42,58,Monthly,Fiber,Yes,39.5,4314.49,Bank Transfer,No,5,5,No,No,No,74.38775862068965,False,0.3038633826721428
939,Female,63,19,Monthly,Fiber,Yes,82.11,6476.15,UPI,No,9,3,Yes,No,Yes,340.84999999999997,True,0.6458946071239768
940,Female,32,48,Monthly,DSL,Yes,14.38,4233.96,Card,Yes,6,4,Yes,Yes,No,88.2075,False,0.26597447136413493
941,Female,26,45,2-Year,DSL,No,75.75,1022.31,UPI,No,5,5,No,No,No,22.718,False,0.2671118654968985
943,Female,66,55,Monthly,Fiber,Yes,107.99,4341.19,UPI,Yes,7,1,Yes,No,Yes,78.93072727272727,True,0.6482179548552396
944,Male,41,18,Monthly,Fiber,No,59.39,7498.9,UPI,Yes,0,3,No,Yes,No,416.60555555555555,True,0.6487879475996795
945,Male,21,63,Yearly,DSL,Yes,60.52,2535.98,Bank Transfer,Yes,0,2,Yes,Yes,No,40.25365079365079,False,0.062160456149850773
946,Male,29,47,Yearly,DSL,Yes,18.47,6969.38,UPI,Yes,5,1,Yes,No,No,148.28468085106383,False,0.03307990749192232
947,Male,54,57,Monthly,DSL,Yes,83.78,6136.36,Card,Yes,4,4,Yes,Yes,Yes,107.65543859649122,False,0.4445632533299925
948,Female,54,45,2-Year,Fiber,Yes,100.34,2057.72,UPI,Yes,8,4,No,No,No,45.72711111111111,False,0.2566138116745154
949,Female,60,33,Monthly,DSL,Yes,36.91,387.09,UPI,Yes,6,1,No,Yes,Yes,11.729999999999999,False,0.3173355854140918
950,Male,23,17,Monthly,DSL,Yes,56.34,904.59,UPI,Yes,1,3,Yes,Yes,No,53.211176470588235,True,0.5802490705626107
952,Female,63,4,Monthly,DSL,Yes,106.48,1677.39,UPI,No,2,2,No,Yes,Yes,419.3475,True,0.7992048793558469
953,Male,41,20,Yearly,DSL,No,36.75,3033.04,UPI,Yes,0,2,Yes,No,No,151.652,False,0.11313983241744571
954,Female,28,47,Monthly,Fiber,Yes,70.56,4063.42,Card,Yes,7,4,Yes,Yes,Yes,86.45574468085107,True,0.5050457386371703
955,Male,30,15,Monthly,Fiber,No,31.17,5831.2,UPI,Yes,2,1,No,Yes,Yes,388.74666666666667,False,0.48547224876068606
957,Female,42,47,Monthly,DSL,Yes,110.22,3310.29,UPI,Yes,6,3,No,No,No,70.43170212765958,True,0.7225746728706807
959,Female,69,16,Monthly,Fiber,Yes,93.6,4372.53,Card,No,0,5,Yes,No,No,273.283125,True,0.8346203757529402
961,Male,25,61,Monthly,Fiber,Yes,102.81,1456.26,Bank Transfer,Yes,0,1,No,Yes,Yes,23.87311475409836,True,0.6109708901737207
964,Male,68,3,Monthly,DSL,Yes,70.11,4491.38,Bank Transfer,Yes,9,1,No,Yes,Yes,1497.1266666666668,True,0.511716248716649
966,Male,63,51,Yearly,DSL,Yes,93.23,3354.94,Card,Yes,6,3,Yes,No,No,65.78313725490196,False,0.08385120530143701
967,Male,27,19,Monthly,DSL,Yes,74.07,1193.34,Card,No,3,3,No,No,No,62.80736842105263,True,0.6325881608511347
968,Female,60,42,Monthly,DSL,Yes,30.52,5359.55,UPI,Yes,0,4,Yes,No,Yes,127.60833333333333,True,0.5277568752694134
969,Female,51,35,Monthly,DSL,No,30.71,4244.91,UPI,Yes,0,2,No,No,Yes,121.28314285714285,True,0.5755733082164206
971,Female,58,26,Monthly,Fiber,No,16.27,2770.19,UPI,No,4,1,Yes,Yes,No,106.54576923076924,False,0.3528932593089799
972,Male,66,69,Monthly,Fiber,Yes,74.66,7264.25,UPI,No,6,4,No,No,No,105.27898550724638,False,0.34539486591804014
973,Male,20,64,2-Year,Fiber,Yes,102.44,4740.22,UPI,Yes,3,4,No,Yes,No,74.0659375,False,0.19996399153333022
975,Female,22,49,Yearly,DSL,Yes,15.39,3653.45,Bank Transfer,Yes,0,1,Yes,Yes,No,74.56020408163265,False,0.049684080565417794
976,Female,22,21,Monthly,Fiber,No,73.0,6075.21,Bank Transfer,No,9,2,No,Yes,No,289.29571428571427,True,0.5954910243828818
978,Female,40,5,Yearly,DSL,No,45.94,4007.32,Card,Yes,1,2,No,No,No,801.464,False,0.21915742668898724
979,Female,66,70,Yearly,Fiber,Yes,48.46,7168.51,UPI,No,1,1,No,Yes,No,102.40728571428572,False,0.038413550487251695
980,Female,26,4,Monthly,DSL,Yes,75.6,2214.58,Card,Yes,7,5,No,Yes,Yes,553.645,True,0.6949475921768438
981,Female,52,39,Monthly,Fiber,Yes,40.16,3343.73,UPI,Yes,9,5,No,No,Yes,85.73666666666666,False,0.3857919399016005
982,Female,37,35,Monthly,Fiber,Yes,12.93,7198.92,Card,Yes,9,1,Yes,Yes,No,205.68342857142858,False,0.2414849278643202
983,Female,66,1,Yearly,Fiber,Yes,90.88,7180.43,Card,Yes,9,4,Yes,Yes,Yes,7180.43,False,0.4996968974167577
984,Male,59,24,Monthly,DSL,No,78.82,5517.13,Bank Transfer,Yes,4,5,Yes,No,No,229.88041666666666,True,0.6931969979909364
986,Female,67,70,Monthly,DSL,Yes,91.59,801.31,Bank Transfer,Yes,1,5,No,Yes,No,11.447285714285714,True,0.548001339299296
987,Female,35,41,Monthly,Fiber,Yes,84.28,6933.46,Bank Transfer,Yes,4,4,No,No,Yes,169.1087804878049,True,0.7196159422901927
988,Female,34,54,Monthly,DSL,Yes,32.65,2632.9,Card,Yes,7,5,Yes,Yes,Yes,48.757407407407406,False,0.2919720601550116
990,Female,20,60,2-Year,DSL,Yes,23.87,1991.02,Card,Yes,2,2,Yes,Yes,No,33.18366666666667,False,0.08542344614953394
993,Female,55,31,Monthly,DSL,Yes,104.45,2632.48,UPI,No,4,2,No,No,Yes,84.91870967741936,True,0.7393963783354781
994,Female,30,24,2-Year,Fiber,Yes,115.9,1166.33,UPI,No,1,1,Yes,No,No,48.59708333333333,True,0.5558850570139932
996,Male,42,30,Yearly,DSL,Yes,30.25,4621.04,UPI,Yes,6,3,Yes,Yes,No,154.03466666666665,False,0.03281809390646749
998,Female,21,30,Monthly,Fiber,Yes,99.41,2839.08,UPI,Yes,9,4,Yes,No,Yes,94.636,True,0.742184971687633
999,Female,31,7,Yearly,DSL,Yes,73.66,5996.97,UPI,Yes,1,2,No,Yes,Yes,856.71,False,0.23089345584973117
1000,Male,54,35,Monthly,DSL,Yes,78.01,7158.73,Bank Transfer,Yes,9,4,No,Yes,No,204.53514285714286,False,0.39176393322713193
